,URL,Exist
18,https://datausa.io/profile/geo/burgos-al,0
27,https://datausa.io/profile/geo/coden-al,0
54,https://datausa.io/profile/geo/highland-home-al,0
55,https://datausa.io/profile/geo/hope-hull-al,0
60,https://datausa.io/profile/geo/lafayette-al,0
64,https://datausa.io/profile/geo/marion-junction-al,0
72,https://datausa.io/profile/geo/oneonta-al,0
87,https://datausa.io/profile/geo/tanner-al,0
98,https://datausa.io/profile/geo/adak-ak,0
100,https://datausa.io/profile/geo/annette-ak,0
101,https://datausa.io/profile/geo/auke-bay-ak,0
107,https://datausa.io/profile/geo/chandalar-lake-ak,0
108,https://datausa.io/profile/geo/clear-ak,0
127,https://datausa.io/profile/geo/kuparuk-ak,0
128,https://datausa.io/profile/geo/mccarthy-ak,0
144,https://datausa.io/profile/geo/sutton-ak,0
148,https://datausa.io/profile/geo/umiat-ak,0
161,https://datausa.io/profile/geo/bellemont-az,0
164,https://datausa.io/profile/geo/blue-az,0
166,https://datausa.io/profile/geo/bowie-az,0
173,https://datausa.io/profile/geo/chandler-heights-az,0
180,https://datausa.io/profile/geo/crown-king-az,0
194,https://datausa.io/profile/geo/grand-canyon-az,0
197,https://datausa.io/profile/geo/happy-jack-az,0
205,https://datausa.io/profile/geo/laveen-az,0
209,https://datausa.io/profile/geo/marble-canyon-az,0
211,https://datausa.io/profile/geo/mc-neal-az,0
218,https://datausa.io/profile/geo/north-rim-az,0
224,https://datausa.io/profile/geo/petrified-forest-az,0
233,https://datausa.io/profile/geo/roll-az,0
237,https://datausa.io/profile/geo/saint-johns-az,0
240,https://datausa.io/profile/geo/sasabe-az,0
254,https://datausa.io/profile/geo/temple-bar-marina-az,0
260,https://datausa.io/profile/geo/tumacacori-az,0
267,https://datausa.io/profile/geo/willow-beach-az,0
282,https://datausa.io/profile/geo/bismarck-ar,0
293,https://datausa.io/profile/geo/crocketts-bluff-ar,0
297,https://datausa.io/profile/geo/deer-ar,0
302,https://datausa.io/profile/geo/ethel-ar,0
313,https://datausa.io/profile/geo/greenbrier-ar,0
319,https://datausa.io/profile/geo/helena-ar,0
326,https://datausa.io/profile/geo/kingston-ar,0
814,https://datausa.io/profile/geo/wild-horse-co,0
817,https://datausa.io/profile/geo/yellow-jacket-co,0
820,https://datausa.io/profile/geo/burlington-ct,0
822,https://datausa.io/profile/geo/coventry-ct,0
827,https://datausa.io/profile/geo/hamden-ct,0
828,https://datausa.io/profile/geo/hampton-ct,0
831,https://datausa.io/profile/geo/new-hartford-ct,0
836,https://datausa.io/profile/geo/stafford-ct,0
840,https://datausa.io/profile/geo/thompson-ct,0
841,https://datausa.io/profile/geo/windham-ct,0
879,https://datausa.io/profile/geo/elkton-fl,0
882,https://datausa.io/profile/geo/fort-myers-fl,0
884,https://datausa.io/profile/geo/fountain-fl,0
886,https://datausa.io/profile/geo/glen-saint-mary-fl,0
892,https://datausa.io/profile/geo/immokalee-fl,0
894,https://datausa.io/profile/geo/islamorada-fl,0
897,https://datausa.io/profile/geo/jacksonville-nas-fl,0
898,https://datausa.io/profile/geo/jacksonville-cecil-field-fl,0
899,https://datausa.io/profile/geo/jacksonville-craig-field-fl,0
905,https://datausa.io/profile/geo/la-belle-fl,0
913,https://datausa.io/profile/geo/loxahatchee-fl,0
920,https://datausa.io/profile/geo/mayport-fl,0
922,https://datausa.io/profile/geo/melbourne-beach-fl,0
928,https://datausa.io/profile/geo/myakka-city-fl,0
933,https://datausa.io/profile/geo/ochopee-fl,0
936,https://datausa.io/profile/geo/orlando-executive-arpt-fl,0
940,https://datausa.io/profile/geo/parrish-fl,0
942,https://datausa.io/profile/geo/pensacola-nas-fl,0
943,https://datausa.io/profile/geo/perrine-fl,0
949,https://datausa.io/profile/geo/saint-leo-fl,0
963,https://datausa.io/profile/geo/venus-fl,0
977,https://datausa.io/profile/geo/appling-ga,0
979,https://datausa.io/profile/geo/athens-ga,0
982,https://datausa.io/profile/geo/atlanta-fulton-county-arpt-ga,0
983,https://datausa.io/profile/geo/augusta-ga,0
1551,https://datausa.io/profile/geo/eldora-ia,0
1630,https://datausa.io/profile/geo/sioux-center-ia,0
2174,https://datausa.io/profile/geo/bergland-mi,0
2188,https://datausa.io/profile/geo/champion-mi,0
2215,https://datausa.io/profile/geo/filion-mi,0
2222,https://datausa.io/profile/geo/germfask-mi,0
2225,https://datausa.io/profile/geo/glennie-mi,0
2228,https://datausa.io/profile/geo/grand-marais-mi,0
2233,https://datausa.io/profile/geo/hale-mi,0
2244,https://datausa.io/profile/geo/houghton-lake-heights-mi,0
2251,https://datausa.io/profile/geo/kenton-mi,0
2264,https://datausa.io/profile/geo/maple-city-mi,0
2267,https://datausa.io/profile/geo/mears-mi,0
2268,https://datausa.io/profile/geo/merritt-mi,0
2282,https://datausa.io/profile/geo/old-mission-mi,0
2286,https://datausa.io/profile/geo/paradise-mi,0
2289,https://datausa.io/profile/geo/pickford-mi,0
2300,https://datausa.io/profile/geo/rudyard-mi,0
2809,https://datausa.io/profile/geo/hammond-mt,0
2813,https://datausa.io/profile/geo/haugan-mt,0
2816,https://datausa.io/profile/geo/helmville-mt,0
2824,https://datausa.io/profile/geo/ingomar-mt,0
2825,https://datausa.io/profile/geo/jackson-mt,0
2833,https://datausa.io/profile/geo/lima-mt,0
2844,https://datausa.io/profile/geo/melville-mt,0
2845,https://datausa.io/profile/geo/mildred-mt,0
2848,https://datausa.io/profile/geo/moccasin-mt,0
2849,https://datausa.io/profile/geo/mosby-mt,0
2851,https://datausa.io/profile/geo/norris-mt,0
2852,https://datausa.io/profile/geo/nye-mt,0
2855,https://datausa.io/profile/geo/otter-mt,0
2860,https://datausa.io/profile/geo/plevna-mt,0
2861,https://datausa.io/profile/geo/polebridge-mt,0
2865,https://datausa.io/profile/geo/powderville-mt,0
2866,https://datausa.io/profile/geo/rapelje-mt,0
2867,https://datausa.io/profile/geo/raymond-mt,0
2868,https://datausa.io/profile/geo/raynesford-mt,0
2870,https://datausa.io/profile/geo/redstone-mt,0
2876,https://datausa.io/profile/geo/saint-regis-mt,0
2897,https://datausa.io/profile/geo/vida-mt,0
2911,https://datausa.io/profile/geo/yellowtail-mt,0
2914,https://datausa.io/profile/geo/ainsworth-nb,0
2916,https://datausa.io/profile/geo/albion-nb,0
2917,https://datausa.io/profile/geo/alliance-ne,0
2918,https://datausa.io/profile/geo/alliance-nb,0
2919,https://datausa.io/profile/geo/amelia-ne,0
2920,https://datausa.io/profile/geo/amelia-nb,0
2922,https://datausa.io/profile/geo/anselmo-nb,0
2924,https://datausa.io/profile/geo/arnold-nb,0
2926,https://datausa.io/profile/geo/arthur-nb,0
2928,https://datausa.io/profile/geo/ashland-nb,0
2930,https://datausa.io/profile/geo/atkinson-nb,0
2932,https://datausa.io/profile/geo/auburn-nb,0
2934,https://datausa.io/profile/geo/aurora-nb,0
2936,https://datausa.io/profile/geo/bartlett-nb,0
2938,https://datausa.io/profile/geo/beatrice-nb,0
2940,https://datausa.io/profile/geo/beaver-city-nb,0
2942,https://datausa.io/profile/geo/benkelman-nb,0
2944,https://datausa.io/profile/geo/big-springs-nb,0
2946,https://datausa.io/profile/geo/blair-nb,0
2948,https://datausa.io/profile/geo/brewster-nb,0
2950,https://datausa.io/profile/geo/bridgeport-nb,0
2952,https://datausa.io/profile/geo/broadwater-nb,0
3457,https://datausa.io/profile/geo/picacho-nm,0
3464,https://datausa.io/profile/geo/redrock-nm,0
3466,https://datausa.io/profile/geo/rociada-nm,0
3479,https://datausa.io/profile/geo/stanley-nm,0
3484,https://datausa.io/profile/geo/tres-piedras-nm,0
3488,https://datausa.io/profile/geo/valmora-nm,0
3491,https://datausa.io/profile/geo/yeso-nm,0
3492,https://datausa.io/profile/geo/zuni-nm,0
3496,https://datausa.io/profile/geo/alcove-ny,0
3521,https://datausa.io/profile/geo/carmel-ny,0
3526,https://datausa.io/profile/geo/colden-ny,0
3527,https://datausa.io/profile/geo/collins-ny,0
3529,https://datausa.io/profile/geo/copake-ny,0
3542,https://datausa.io/profile/geo/eagle-bay-ny,0
3543,https://datausa.io/profile/geo/east-jewett-ny,0
3545,https://datausa.io/profile/geo/elka-park-ny,0
3548,https://datausa.io/profile/geo/erieville-ny,0
3557,https://datausa.io/profile/geo/glenham-ny,0
3562,https://datausa.io/profile/geo/grafton-ny,0
3565,https://datausa.io/profile/geo/hinckley-ny,0
3568,https://datausa.io/profile/geo/indian-lake-ny,0
3573,https://datausa.io/profile/geo/lawrenceville-ny,0
3577,https://datausa.io/profile/geo/locke-ny,0
3581,https://datausa.io/profile/geo/maryland-ny,0
3595,https://datausa.io/profile/geo/new-york-jfk-intl-arpt-ny,0
3596,https://datausa.io/profile/geo/new-york-la-guardia-arpt-ny,0
3597,https://datausa.io/profile/geo/newcomb-ny,0
3599,https://datausa.io/profile/geo/nicholville-ny,0
3600,https://datausa.io/profile/geo/north-blenheim-ny,0
3616,https://datausa.io/profile/geo/ray-brook-ny,0
3624,https://datausa.io/profile/geo/scarsdale-ny,0
3627,https://datausa.io/profile/geo/south-wales-ny,0
3630,https://datausa.io/profile/geo/stanfordville-ny,0
3631,https://datausa.io/profile/geo/stormville-ny,0
4163,https://datausa.io/profile/geo/adel-or,0
4164,https://datausa.io/profile/geo/agness-or,0
4169,https://datausa.io/profile/geo/ashwood-or,0
4179,https://datausa.io/profile/geo/brothers-or,0
4185,https://datausa.io/profile/geo/chemult-or,0
4187,https://datausa.io/profile/geo/clatskanie-or,0
4190,https://datausa.io/profile/geo/coquille-or,0
4194,https://datausa.io/profile/geo/crescent-or,0
4199,https://datausa.io/profile/geo/dorena-or,0
4201,https://datausa.io/profile/geo/drewsey-or,0
4209,https://datausa.io/profile/geo/fields-or,0
4212,https://datausa.io/profile/geo/foster-or,0
4225,https://datausa.io/profile/geo/idleyld-park-or,0
4226,https://datausa.io/profile/geo/ironside-or,0
4231,https://datausa.io/profile/geo/kent-or,0
4242,https://datausa.io/profile/geo/mapleton-or,0
4245,https://datausa.io/profile/geo/mikkalo-or,0
4250,https://datausa.io/profile/geo/mount-hood-parkdale-or,0
4259,https://datausa.io/profile/geo/otis-or,0
4261,https://datausa.io/profile/geo/paulina-or,0
4268,https://datausa.io/profile/geo/princeton-or,0
4794,https://datausa.io/profile/geo/shiloh-tn,0
4795,https://datausa.io/profile/geo/silver-point-tn,0
4805,https://datausa.io/profile/geo/ten-mile-tn,0
4821,https://datausa.io/profile/geo/abilene-dyess-afb-tx,0
4830,https://datausa.io/profile/geo/angleton-tx,0
4840,https://datausa.io/profile/geo/ballinger-tx,0
4851,https://datausa.io/profile/geo/big-bend-national-park-tx,0
4872,https://datausa.io/profile/geo/bushland-tx,0
4873,https://datausa.io/profile/geo/calliham-tx,0
4882,https://datausa.io/profile/geo/cedar-creek-tx,0
4886,https://datausa.io/profile/geo/chapman-ranch-tx,0
5409,https://datausa.io/profile/geo/lexington-va,0
5410,https://datausa.io/profile/geo/lincoln-va,0
5415,https://datausa.io/profile/geo/maidens-va,0
5417,https://datausa.io/profile/geo/marion-va,0
5422,https://datausa.io/profile/geo/nora-va,0
5424,https://datausa.io/profile/geo/norfolk-nas-va,0
5425,https://datausa.io/profile/geo/north-va,0
5426,https://datausa.io/profile/geo/onemo-va,0
5445,https://datausa.io/profile/geo/staffordsville-va,0
5447,https://datausa.io/profile/geo/star-tannery-va,0
5458,https://datausa.io/profile/geo/walkerton-va,0
5459,https://datausa.io/profile/geo/wallops-island-va,0
5472,https://datausa.io/profile/geo/appleton-wa,0
5474,https://datausa.io/profile/geo/baring-wa,0
5493,https://datausa.io/profile/geo/cougar-wa,0
5510,https://datausa.io/profile/geo/glenoma-wa,0
6005,https://datausa.io/profile/geo/florala-al-metro-area,0
6006,https://datausa.io/profile/geo/fort-payne-al-metro-area,0
6007,https://datausa.io/profile/geo/frisco-city-al-metro-area,0
6009,https://datausa.io/profile/geo/gainesville-al-metro-area,0
6010,https://datausa.io/profile/geo/geneva-al-metro-area,0
6011,https://datausa.io/profile/geo/greensboro-al-metro-area,0
6012,https://datausa.io/profile/geo/greenville-al-metro-area,0
6013,https://datausa.io/profile/geo/guntersville-al-metro-area,0
6014,https://datausa.io/profile/geo/haleyville-al-metro-area,0
6015,https://datausa.io/profile/geo/hamilton-al-metro-area,0
6016,https://datausa.io/profile/geo/hanceville-al-metro-area,0
6017,https://datausa.io/profile/geo/headland-al-metro-area,0
6018,https://datausa.io/profile/geo/heflin-al-metro-area,0
6019,https://datausa.io/profile/geo/helena-al-metro-area,0
6020,https://datausa.io/profile/geo/highland-home-al-metro-area,0
6021,https://datausa.io/profile/geo/hope-hull-al-metro-area,0
6023,https://datausa.io/profile/geo/jackson-al-metro-area,0
6024,https://datausa.io/profile/geo/jasper-al-metro-area,0
6025,https://datausa.io/profile/geo/kellyton-al-metro-area,0
6026,https://datausa.io/profile/geo/lafayette-al-metro-area,0
6027,https://datausa.io/profile/geo/lineville-al-metro-area,0
6028,https://datausa.io/profile/geo/livingston-al-metro-area,0
6029,https://datausa.io/profile/geo/marion-al-metro-area,0
6030,https://datausa.io/profile/geo/marion-junction-al-metro-area,0
6031,https://datausa.io/profile/geo/midland-city-al-metro-area,0
6034,https://datausa.io/profile/geo/moulton-al-metro-area,0
6035,https://datausa.io/profile/geo/muscle-shoals-al-metro-area,0
6036,https://datausa.io/profile/geo/new-hope-al-metro-area,0
6037,https://datausa.io/profile/geo/northport-al-metro-area,0
6038,https://datausa.io/profile/geo/oneonta-al-metro-area,0
6039,https://datausa.io/profile/geo/opelika-al-metro-area,0
6040,https://datausa.io/profile/geo/ozark-al-metro-area,0
6041,https://datausa.io/profile/geo/pelham-al-metro-area,0
6042,https://datausa.io/profile/geo/pinson-al-metro-area,0
6043,https://datausa.io/profile/geo/roanoke-al-metro-area,0
6044,https://datausa.io/profile/geo/robertsdale-al-metro-area,0
6045,https://datausa.io/profile/geo/rockford-al-metro-area,0
6046,https://datausa.io/profile/geo/russellville-al-metro-area,0
6047,https://datausa.io/profile/geo/scottsboro-al-metro-area,0
6048,https://datausa.io/profile/geo/selma-al-metro-area,0
6049,https://datausa.io/profile/geo/shorter-al-metro-area,0
6050,https://datausa.io/profile/geo/sylacauga-al-metro-area,0
6051,https://datausa.io/profile/geo/talladega-al-metro-area,0
6052,https://datausa.io/profile/geo/tallassee-al-metro-area,0
6053,https://datausa.io/profile/geo/tanner-al-metro-area,0
6054,https://datausa.io/profile/geo/thomasville-al-metro-area,0
6055,https://datausa.io/profile/geo/thorsby-al-metro-area,0
6056,https://datausa.io/profile/geo/troy-al-metro-area,0
6058,https://datausa.io/profile/geo/union-springs-al-metro-area,0
6059,https://datausa.io/profile/geo/valley-head-al-metro-area,0
6060,https://datausa.io/profile/geo/vernon-al-metro-area,0
6061,https://datausa.io/profile/geo/wetumpka-al-metro-area,0
6062,https://datausa.io/profile/geo/whatley-al-metro-area,0
6063,https://datausa.io/profile/geo/winfield-al-metro-area,0
6064,https://datausa.io/profile/geo/adak-ak-metro-area,0
6066,https://datausa.io/profile/geo/annette-ak-metro-area,0
6067,https://datausa.io/profile/geo/auke-bay-ak-metro-area,0
6068,https://datausa.io/profile/geo/barrow-ak-metro-area,0
6069,https://datausa.io/profile/geo/bethel-ak-metro-area,0
6070,https://datausa.io/profile/geo/bettles-ak-metro-area,0
6071,https://datausa.io/profile/geo/cantwell-ak-metro-area,0
6072,https://datausa.io/profile/geo/central-ak-metro-area,0
6073,https://datausa.io/profile/geo/chandalar-lake-ak-metro-area,0
6074,https://datausa.io/profile/geo/clear-ak-metro-area,0
6075,https://datausa.io/profile/geo/cooper-landing-ak-metro-area,0
6076,https://datausa.io/profile/geo/cordova-ak-metro-area,0
6077,https://datausa.io/profile/geo/dillingham-ak-metro-area,0
6078,https://datausa.io/profile/geo/eagle-ak-metro-area,0
6080,https://datausa.io/profile/geo/galena-ak-metro-area,0
6081,https://datausa.io/profile/geo/glennallen-ak-metro-area,0
6082,https://datausa.io/profile/geo/gulkana-ak-metro-area,0
6083,https://datausa.io/profile/geo/haines-ak-metro-area,0
6084,https://datausa.io/profile/geo/healy-ak-metro-area,0
6085,https://datausa.io/profile/geo/homer-ak-metro-area,0
6086,https://datausa.io/profile/geo/iliamna-ak-metro-area,0
6087,https://datausa.io/profile/geo/juneau-ak-metro-area,0
6088,https://datausa.io/profile/geo/kasilof-ak-metro-area,0
6089,https://datausa.io/profile/geo/kenai-ak-metro-area,0
6090,https://datausa.io/profile/geo/ketchikan-ak-metro-area,0
6091,https://datausa.io/profile/geo/kodiak-ak-metro-area,0
6092,https://datausa.io/profile/geo/kotzebue-ak-metro-area,0
6093,https://datausa.io/profile/geo/kuparuk-ak-metro-area,0
6094,https://datausa.io/profile/geo/mccarthy-ak-metro-area,0
6095,https://datausa.io/profile/geo/mcgrath-ak-metro-area,0
6096,https://datausa.io/profile/geo/nabesna-ak-metro-area,0
6097,https://datausa.io/profile/geo/nenana-ak-metro-area,0
6098,https://datausa.io/profile/geo/nome-ak-metro-area,0
6099,https://datausa.io/profile/geo/northway-ak-metro-area,0
6100,https://datausa.io/profile/geo/ouzinkie-ak-metro-area,0
6101,https://datausa.io/profile/geo/palmer-ak-metro-area,0
6102,https://datausa.io/profile/geo/paxson-ak-metro-area,0
6103,https://datausa.io/profile/geo/petersburg-ak-metro-area,0
6104,https://datausa.io/profile/geo/salcha-ak-metro-area,0
6105,https://datausa.io/profile/geo/seward-ak-metro-area,0
6106,https://datausa.io/profile/geo/sitka-ak-metro-area,0
6107,https://datausa.io/profile/geo/skagway-ak-metro-area,0
6108,https://datausa.io/profile/geo/skwentna-ak-metro-area,0
6109,https://datausa.io/profile/geo/slana-ak-metro-area,0
6110,https://datausa.io/profile/geo/sutton-ak-metro-area,0
6111,https://datausa.io/profile/geo/talkeetna-ak-metro-area,0
6112,https://datausa.io/profile/geo/tanana-ak-metro-area,0
6113,https://datausa.io/profile/geo/tok-ak-metro-area,0
6114,https://datausa.io/profile/geo/umiat-ak-metro-area,0
6115,https://datausa.io/profile/geo/unalakleet-ak-metro-area,0
6116,https://datausa.io/profile/geo/valdez-ak-metro-area,0
6117,https://datausa.io/profile/geo/wales-ak-metro-area,0
6118,https://datausa.io/profile/geo/wasilla-ak-metro-area,0
6119,https://datausa.io/profile/geo/whittier-ak-metro-area,0
6120,https://datausa.io/profile/geo/wrangell-ak-metro-area,0
6121,https://datausa.io/profile/geo/yakutat-ak-metro-area,0
6122,https://datausa.io/profile/geo/aguila-az-metro-area,0
6123,https://datausa.io/profile/geo/ajo-az-metro-area,0
6124,https://datausa.io/profile/geo/alpine-az-metro-area,0
6125,https://datausa.io/profile/geo/apache-junction-az-metro-area,0
6126,https://datausa.io/profile/geo/bagdad-az-metro-area,0
6127,https://datausa.io/profile/geo/bellemont-az-metro-area,0
6128,https://datausa.io/profile/geo/benson-az-metro-area,0
6129,https://datausa.io/profile/geo/bisbee-az-metro-area,0
6130,https://datausa.io/profile/geo/blue-az-metro-area,0
6131,https://datausa.io/profile/geo/bouse-az-metro-area,0
6132,https://datausa.io/profile/geo/bowie-az-metro-area,0
6133,https://datausa.io/profile/geo/buckeye-az-metro-area,0
6134,https://datausa.io/profile/geo/bullhead-city-az-metro-area,0
6135,https://datausa.io/profile/geo/cameron-az-metro-area,0
6136,https://datausa.io/profile/geo/camp-verde-az-metro-area,0
6641,https://datausa.io/profile/geo/yorba-linda-ca-metro-area,0
6642,https://datausa.io/profile/geo/yosemite-natl-park-ca-metro-area,0
6643,https://datausa.io/profile/geo/yreka-ca-metro-area,0
6644,https://datausa.io/profile/geo/akron-co-metro-area,0
6645,https://datausa.io/profile/geo/alamosa-co-metro-area,0
6646,https://datausa.io/profile/geo/allenspark-co-metro-area,0
6647,https://datausa.io/profile/geo/aspen-co-metro-area,0
6648,https://datausa.io/profile/geo/bailey-co-metro-area,0
6649,https://datausa.io/profile/geo/basalt-co-metro-area,0
6650,https://datausa.io/profile/geo/bedrock-co-metro-area,0
6651,https://datausa.io/profile/geo/blanca-co-metro-area,0
6653,https://datausa.io/profile/geo/briggsdale-co-metro-area,0
6654,https://datausa.io/profile/geo/brighton-co-metro-area,0
6655,https://datausa.io/profile/geo/buena-vista-co-metro-area,0
6656,https://datausa.io/profile/geo/burlington-co-metro-area,0
6657,https://datausa.io/profile/geo/byers-co-metro-area,0
6658,https://datausa.io/profile/geo/campo-co-metro-area,0
6659,https://datausa.io/profile/geo/canon-city-co-metro-area,0
6660,https://datausa.io/profile/geo/castle-rock-co-metro-area,0
6661,https://datausa.io/profile/geo/cedaredge-co-metro-area,0
6662,https://datausa.io/profile/geo/center-co-metro-area,0
6663,https://datausa.io/profile/geo/cheyenne-wells-co-metro-area,0
6664,https://datausa.io/profile/geo/cimarron-co-metro-area,0
6665,https://datausa.io/profile/geo/coalmont-co-metro-area,0
6666,https://datausa.io/profile/geo/collbran-co-metro-area,0
6668,https://datausa.io/profile/geo/cortez-co-metro-area,0
6669,https://datausa.io/profile/geo/craig-co-metro-area,0
6670,https://datausa.io/profile/geo/creede-co-metro-area,0
6671,https://datausa.io/profile/geo/crested-butte-co-metro-area,0
6672,https://datausa.io/profile/geo/crestone-co-metro-area,0
6673,https://datausa.io/profile/geo/cripple-creek-co-metro-area,0
6674,https://datausa.io/profile/geo/crook-co-metro-area,0
6675,https://datausa.io/profile/geo/del-norte-co-metro-area,0
6676,https://datausa.io/profile/geo/delta-co-metro-area,0
6677,https://datausa.io/profile/geo/denver-co-metro-area,0
6678,https://datausa.io/profile/geo/denver-co-metro-area,0
6679,https://datausa.io/profile/geo/dillon-co-metro-area,0
6680,https://datausa.io/profile/geo/dinosaur-co-metro-area,0
6681,https://datausa.io/profile/geo/dove-creek-co-metro-area,0
6682,https://datausa.io/profile/geo/durango-co-metro-area,0
6683,https://datausa.io/profile/geo/eads-co-metro-area,0
6684,https://datausa.io/profile/geo/eagle-co-metro-area,0
6685,https://datausa.io/profile/geo/elizabeth-co-metro-area,0
6686,https://datausa.io/profile/geo/estes-park-co-metro-area,0
6687,https://datausa.io/profile/geo/evergreen-co-metro-area,0
6688,https://datausa.io/profile/geo/fairplay-co-metro-area,0
6689,https://datausa.io/profile/geo/flagler-co-metro-area,0
6690,https://datausa.io/profile/geo/florissant-co-metro-area,0
6691,https://datausa.io/profile/geo/fort-collins-co-metro-area,0
6692,https://datausa.io/profile/geo/fort-morgan-co-metro-area,0
6693,https://datausa.io/profile/geo/fruita-co-metro-area,0
6694,https://datausa.io/profile/geo/gardner-co-metro-area,0
6695,https://datausa.io/profile/geo/gateway-co-metro-area,0
6696,https://datausa.io/profile/geo/genoa-co-metro-area,0
6697,https://datausa.io/profile/geo/georgetown-co-metro-area,0
6698,https://datausa.io/profile/geo/glenwood-springs-co-metro-area,0
6699,https://datausa.io/profile/geo/golden-co-metro-area,0
6701,https://datausa.io/profile/geo/grand-lake-co-metro-area,0
6703,https://datausa.io/profile/geo/gunnison-co-metro-area,0
6704,https://datausa.io/profile/geo/hartsel-co-metro-area,0
6705,https://datausa.io/profile/geo/hayden-co-metro-area,0
6706,https://datausa.io/profile/geo/hesperus-co-metro-area,0
6707,https://datausa.io/profile/geo/holly-co-metro-area,0
6708,https://datausa.io/profile/geo/hugo-co-metro-area,0
6710,https://datausa.io/profile/geo/idalia-co-metro-area,0
6711,https://datausa.io/profile/geo/ignacio-co-metro-area,0
6712,https://datausa.io/profile/geo/joes-co-metro-area,0
6713,https://datausa.io/profile/geo/julesburg-co-metro-area,0
6714,https://datausa.io/profile/geo/karval-co-metro-area,0
6715,https://datausa.io/profile/geo/kim-co-metro-area,0
6716,https://datausa.io/profile/geo/kit-carson-co-metro-area,0
6717,https://datausa.io/profile/geo/kremmling-co-metro-area,0
6718,https://datausa.io/profile/geo/la-junta-co-metro-area,0
6719,https://datausa.io/profile/geo/lake-city-co-metro-area,0
6720,https://datausa.io/profile/geo/lake-george-co-metro-area,0
6721,https://datausa.io/profile/geo/lamar-co-metro-area,0
6722,https://datausa.io/profile/geo/las-animas-co-metro-area,0
6723,https://datausa.io/profile/geo/leadville-co-metro-area,0
6724,https://datausa.io/profile/geo/limon-co-metro-area,0
6725,https://datausa.io/profile/geo/lindon-co-metro-area,0
6726,https://datausa.io/profile/geo/littleton-co-metro-area,0
6727,https://datausa.io/profile/geo/livermore-co-metro-area,0
6728,https://datausa.io/profile/geo/longmont-co-metro-area,0
6729,https://datausa.io/profile/geo/loveland-co-metro-area,0
6730,https://datausa.io/profile/geo/mancos-co-metro-area,0
6731,https://datausa.io/profile/geo/matheson-co-metro-area,0
6732,https://datausa.io/profile/geo/meeker-co-metro-area,0
6733,https://datausa.io/profile/geo/mesa-verde-national-park-co-metro-area,0
6734,https://datausa.io/profile/geo/moffat-co-metro-area,0
6735,https://datausa.io/profile/geo/monte-vista-co-metro-area,0
6736,https://datausa.io/profile/geo/montrose-co-metro-area,0
6737,https://datausa.io/profile/geo/monument-co-metro-area,0
6738,https://datausa.io/profile/geo/naturita-co-metro-area,0
6739,https://datausa.io/profile/geo/nederland-co-metro-area,0
6740,https://datausa.io/profile/geo/new-raymer-co-metro-area,0
6741,https://datausa.io/profile/geo/norwood-co-metro-area,0
6742,https://datausa.io/profile/geo/nunn-co-metro-area,0
7276,https://datausa.io/profile/geo/hutsonville-il-metro-area,0
7277,https://datausa.io/profile/geo/jacksonville-il-metro-area,0
7278,https://datausa.io/profile/geo/jerseyville-il-metro-area,0
7279,https://datausa.io/profile/geo/joliet-il-metro-area,0
7280,https://datausa.io/profile/geo/kankakee-il-metro-area,0
7281,https://datausa.io/profile/geo/kewanee-il-metro-area,0
7282,https://datausa.io/profile/geo/knoxville-il-metro-area,0
7283,https://datausa.io/profile/geo/la-harpe-il-metro-area,0
7284,https://datausa.io/profile/geo/lacon-il-metro-area,0
7285,https://datausa.io/profile/geo/lake-villa-il-metro-area,0
7286,https://datausa.io/profile/geo/lawrenceville-il-metro-area,0
7287,https://datausa.io/profile/geo/lebanon-il-metro-area,0
7288,https://datausa.io/profile/geo/lincoln-il-metro-area,0
7289,https://datausa.io/profile/geo/lisle-il-metro-area,0
7290,https://datausa.io/profile/geo/loami-il-metro-area,0
7291,https://datausa.io/profile/geo/louisville-il-metro-area,0
7292,https://datausa.io/profile/geo/marengo-il-metro-area,0
7293,https://datausa.io/profile/geo/marion-il-metro-area,0
7294,https://datausa.io/profile/geo/marseilles-il-metro-area,0
7295,https://datausa.io/profile/geo/mason-city-il-metro-area,0
7296,https://datausa.io/profile/geo/mattoon-il-metro-area,0
7297,https://datausa.io/profile/geo/mcleansboro-il-metro-area,0
7298,https://datausa.io/profile/geo/minonk-il-metro-area,0
7299,https://datausa.io/profile/geo/modoc-il-metro-area,0
7300,https://datausa.io/profile/geo/moline-il-metro-area,0
7301,https://datausa.io/profile/geo/monmouth-il-metro-area,0
7302,https://datausa.io/profile/geo/morris-il-metro-area,0
7303,https://datausa.io/profile/geo/morrison-il-metro-area,0
7304,https://datausa.io/profile/geo/morrisonville-il-metro-area,0
7305,https://datausa.io/profile/geo/mount-carmel-il-metro-area,0
7306,https://datausa.io/profile/geo/mount-carroll-il-metro-area,0
7307,https://datausa.io/profile/geo/mount-vernon-il-metro-area,0
7308,https://datausa.io/profile/geo/moweaqua-il-metro-area,0
7309,https://datausa.io/profile/geo/mundelein-il-metro-area,0
7310,https://datausa.io/profile/geo/nashville-il-metro-area,0
7311,https://datausa.io/profile/geo/neoga-il-metro-area,0
7312,https://datausa.io/profile/geo/new-boston-il-metro-area,0
7313,https://datausa.io/profile/geo/newton-il-metro-area,0
7314,https://datausa.io/profile/geo/normal-il-metro-area,0
7315,https://datausa.io/profile/geo/northbrook-il-metro-area,0
7316,https://datausa.io/profile/geo/olive-branch-il-metro-area,0
7317,https://datausa.io/profile/geo/olney-il-metro-area,0
7318,https://datausa.io/profile/geo/ottawa-il-metro-area,0
7319,https://datausa.io/profile/geo/palestine-il-metro-area,0
7320,https://datausa.io/profile/geo/pana-il-metro-area,0
7321,https://datausa.io/profile/geo/paris-il-metro-area,0
7322,https://datausa.io/profile/geo/park-forest-il-metro-area,0
7323,https://datausa.io/profile/geo/paw-paw-il-metro-area,0
7324,https://datausa.io/profile/geo/paxton-il-metro-area,0
7326,https://datausa.io/profile/geo/peru-il-metro-area,0
7327,https://datausa.io/profile/geo/piper-city-il-metro-area,0
7328,https://datausa.io/profile/geo/pittsfield-il-metro-area,0
7329,https://datausa.io/profile/geo/polo-il-metro-area,0
7330,https://datausa.io/profile/geo/pontiac-il-metro-area,0
7331,https://datausa.io/profile/geo/prairie-city-il-metro-area,0
7332,https://datausa.io/profile/geo/princeton-il-metro-area,0
7333,https://datausa.io/profile/geo/princeville-il-metro-area,0
7334,https://datausa.io/profile/geo/quincy-il-metro-area,0
7335,https://datausa.io/profile/geo/rantoul-il-metro-area,0
7336,https://datausa.io/profile/geo/robinson-il-metro-area,0
7337,https://datausa.io/profile/geo/rochelle-il-metro-area,0
7338,https://datausa.io/profile/geo/rock-island-il-metro-area,0
7340,https://datausa.io/profile/geo/romeoville-il-metro-area,0
7341,https://datausa.io/profile/geo/rosiclare-il-metro-area,0
7342,https://datausa.io/profile/geo/rushville-il-metro-area,0
7343,https://datausa.io/profile/geo/salem-il-metro-area,0
7344,https://datausa.io/profile/geo/saybrook-il-metro-area,0
7345,https://datausa.io/profile/geo/shelbyville-il-metro-area,0
7346,https://datausa.io/profile/geo/simpson-il-metro-area,0
7347,https://datausa.io/profile/geo/sparta-il-metro-area,0
7349,https://datausa.io/profile/geo/stockton-il-metro-area,0
7350,https://datausa.io/profile/geo/streamwood-il-metro-area,0
7351,https://datausa.io/profile/geo/sugar-grove-il-metro-area,0
7352,https://datausa.io/profile/geo/sullivan-il-metro-area,0
7353,https://datausa.io/profile/geo/tiskilwa-il-metro-area,0
7354,https://datausa.io/profile/geo/tuscola-il-metro-area,0
7355,https://datausa.io/profile/geo/urbana-il-metro-area,0
7356,https://datausa.io/profile/geo/vandalia-il-metro-area,0
7357,https://datausa.io/profile/geo/virden-il-metro-area,0
7358,https://datausa.io/profile/geo/walnut-il-metro-area,0
7359,https://datausa.io/profile/geo/waterloo-il-metro-area,0
7360,https://datausa.io/profile/geo/watseka-il-metro-area,0
7361,https://datausa.io/profile/geo/waukegan-il-metro-area,0
7362,https://datausa.io/profile/geo/west-chicago-il-metro-area,0
7363,https://datausa.io/profile/geo/wheaton-il-metro-area,0
7364,https://datausa.io/profile/geo/white-hall-il-metro-area,0
7365,https://datausa.io/profile/geo/winchester-il-metro-area,0
7366,https://datausa.io/profile/geo/windsor-il-metro-area,0
7367,https://datausa.io/profile/geo/anderson-in-metro-area,0
7368,https://datausa.io/profile/geo/angola-in-metro-area,0
7369,https://datausa.io/profile/geo/atlanta-in-metro-area,0
7370,https://datausa.io/profile/geo/attica-in-metro-area,0
7371,https://datausa.io/profile/geo/auburn-in-metro-area,0
7372,https://datausa.io/profile/geo/bedford-in-metro-area,0
7373,https://datausa.io/profile/geo/berne-in-metro-area,0
7374,https://datausa.io/profile/geo/bloomfield-in-metro-area,0
7376,https://datausa.io/profile/geo/bluffton-in-metro-area,0
7886,https://datausa.io/profile/geo/hackberry-la-metro-area,0
7887,https://datausa.io/profile/geo/hammond-la-metro-area,0
7888,https://datausa.io/profile/geo/homer-la-metro-area,0
7889,https://datausa.io/profile/geo/hornbeck-la-metro-area,0
7890,https://datausa.io/profile/geo/houma-la-metro-area,0
7891,https://datausa.io/profile/geo/jeanerette-la-metro-area,0
7892,https://datausa.io/profile/geo/jena-la-metro-area,0
7893,https://datausa.io/profile/geo/jennings-la-metro-area,0
7894,https://datausa.io/profile/geo/jonesville-la-metro-area,0
7896,https://datausa.io/profile/geo/lake-arthur-la-metro-area,0
7898,https://datausa.io/profile/geo/lake-providence-la-metro-area,0
7899,https://datausa.io/profile/geo/leesville-la-metro-area,0
7900,https://datausa.io/profile/geo/logansport-la-metro-area,0
7901,https://datausa.io/profile/geo/mansfield-la-metro-area,0
7902,https://datausa.io/profile/geo/many-la-metro-area,0
7903,https://datausa.io/profile/geo/marrero-la-metro-area,0
7904,https://datausa.io/profile/geo/minden-la-metro-area,0
7906,https://datausa.io/profile/geo/mooringsport-la-metro-area,0
7907,https://datausa.io/profile/geo/morgan-city-la-metro-area,0
7908,https://datausa.io/profile/geo/natchitoches-la-metro-area,0
7909,https://datausa.io/profile/geo/new-iberia-la-metro-area,0
7910,https://datausa.io/profile/geo/new-orleans-la-metro-area,0
7911,https://datausa.io/profile/geo/new-orleans-la-metro-area,0
7912,https://datausa.io/profile/geo/new-roads-la-metro-area,0
7913,https://datausa.io/profile/geo/oakdale-la-metro-area,0
7914,https://datausa.io/profile/geo/oberlin-la-metro-area,0
7915,https://datausa.io/profile/geo/olla-la-metro-area,0
7916,https://datausa.io/profile/geo/paradis-la-metro-area,0
7917,https://datausa.io/profile/geo/pineville-la-metro-area,0
7918,https://datausa.io/profile/geo/plain-dealing-la-metro-area,0
7919,https://datausa.io/profile/geo/port-sulphur-la-metro-area,0
7920,https://datausa.io/profile/geo/rayne-la-metro-area,0
7921,https://datausa.io/profile/geo/rayville-la-metro-area,0
7922,https://datausa.io/profile/geo/reserve-la-metro-area,0
7923,https://datausa.io/profile/geo/rosepine-la-metro-area,0
7924,https://datausa.io/profile/geo/ruston-la-metro-area,0
7925,https://datausa.io/profile/geo/saint-bernard-la-metro-area,0
7926,https://datausa.io/profile/geo/saint-joseph-la-metro-area,0
7927,https://datausa.io/profile/geo/saint-martinville-la-metro-area,0
7928,https://datausa.io/profile/geo/shreveport-la-metro-area,0
7929,https://datausa.io/profile/geo/slidell-la-metro-area,0
7930,https://datausa.io/profile/geo/sunset-la-metro-area,0
7931,https://datausa.io/profile/geo/tallulah-la-metro-area,0
7932,https://datausa.io/profile/geo/thibodaux-la-metro-area,0
7933,https://datausa.io/profile/geo/winnfield-la-metro-area,0
7934,https://datausa.io/profile/geo/winnsboro-la-metro-area,0
7935,https://datausa.io/profile/geo/woodworth-la-metro-area,0
7936,https://datausa.io/profile/geo/abbot-me-metro-area,0
7937,https://datausa.io/profile/geo/augusta-me-metro-area,0
7938,https://datausa.io/profile/geo/baileyville-me-metro-area,0
7940,https://datausa.io/profile/geo/bar-harbor-me-metro-area,0
7941,https://datausa.io/profile/geo/belfast-me-metro-area,0
7942,https://datausa.io/profile/geo/bridgewater-me-metro-area,0
7943,https://datausa.io/profile/geo/bridgton-me-metro-area,0
7944,https://datausa.io/profile/geo/brownville-me-metro-area,0
7945,https://datausa.io/profile/geo/brunswick-me-metro-area,0
7946,https://datausa.io/profile/geo/caribou-me-metro-area,0
7947,https://datausa.io/profile/geo/clayton-lake-me-metro-area,0
7948,https://datausa.io/profile/geo/corinna-me-metro-area,0
7949,https://datausa.io/profile/geo/danforth-me-metro-area,0
7950,https://datausa.io/profile/geo/dover-foxcroft-me-metro-area,0
7951,https://datausa.io/profile/geo/durham-me-metro-area,0
7952,https://datausa.io/profile/geo/eastport-me-metro-area,0
7953,https://datausa.io/profile/geo/ellsworth-me-metro-area,0
7954,https://datausa.io/profile/geo/eustis-me-metro-area,0
7955,https://datausa.io/profile/geo/farmington-me-metro-area,0
7956,https://datausa.io/profile/geo/fort-kent-me-metro-area,0
7957,https://datausa.io/profile/geo/frenchville-me-metro-area,0
7958,https://datausa.io/profile/geo/fryeburg-me-metro-area,0
7959,https://datausa.io/profile/geo/gardiner-me-metro-area,0
7960,https://datausa.io/profile/geo/grand-lake-stream-me-metro-area,0
7961,https://datausa.io/profile/geo/greenville-me-metro-area,0
7962,https://datausa.io/profile/geo/guilford-me-metro-area,0
7963,https://datausa.io/profile/geo/hiram-me-metro-area,0
7964,https://datausa.io/profile/geo/houlton-me-metro-area,0
7965,https://datausa.io/profile/geo/jackman-me-metro-area,0
7966,https://datausa.io/profile/geo/jonesboro-me-metro-area,0
7967,https://datausa.io/profile/geo/kennebunkport-me-metro-area,0
7968,https://datausa.io/profile/geo/lewiston-me-metro-area,0
7969,https://datausa.io/profile/geo/madison-me-metro-area,0
7970,https://datausa.io/profile/geo/millinocket-me-metro-area,0
7971,https://datausa.io/profile/geo/milo-me-metro-area,0
7972,https://datausa.io/profile/geo/mount-desert-me-metro-area,0
7973,https://datausa.io/profile/geo/new-portland-me-metro-area,0
7974,https://datausa.io/profile/geo/newcastle-me-metro-area,0
7975,https://datausa.io/profile/geo/north-yarmouth-me-metro-area,0
7976,https://datausa.io/profile/geo/old-town-me-metro-area,0
7977,https://datausa.io/profile/geo/orland-me-metro-area,0
7978,https://datausa.io/profile/geo/orono-me-metro-area,0
7979,https://datausa.io/profile/geo/patten-me-metro-area,0
7980,https://datausa.io/profile/geo/poland-me-metro-area,0
7981,https://datausa.io/profile/geo/port-clyde-me-metro-area,0
7982,https://datausa.io/profile/geo/portland-me-metro-area,0
7983,https://datausa.io/profile/geo/presque-isle-me-metro-area,0
7984,https://datausa.io/profile/geo/rangeley-me-metro-area,0
7985,https://datausa.io/profile/geo/robbinston-me-metro-area,0
7986,https://datausa.io/profile/geo/rumford-me-metro-area,0
8484,https://datausa.io/profile/geo/columbia-ms-metro-area,0
8485,https://datausa.io/profile/geo/columbus-ms-metro-area,0
8486,https://datausa.io/profile/geo/corinth-ms-metro-area,0
8487,https://datausa.io/profile/geo/crystal-springs-ms-metro-area,0
8488,https://datausa.io/profile/geo/d-lo-ms-metro-area,0
8489,https://datausa.io/profile/geo/de-kalb-ms-metro-area,0
8490,https://datausa.io/profile/geo/eupora-ms-metro-area,0
8491,https://datausa.io/profile/geo/forest-ms-metro-area,0
8492,https://datausa.io/profile/geo/fulton-ms-metro-area,0
8493,https://datausa.io/profile/geo/greenville-ms-metro-area,0
8494,https://datausa.io/profile/geo/greenwood-ms-metro-area,0
8495,https://datausa.io/profile/geo/grenada-ms-metro-area,0
8496,https://datausa.io/profile/geo/gulfport-ms-metro-area,0
8498,https://datausa.io/profile/geo/hazlehurst-ms-metro-area,0
8499,https://datausa.io/profile/geo/hernando-ms-metro-area,0
8500,https://datausa.io/profile/geo/hickory-flat-ms-metro-area,0
8501,https://datausa.io/profile/geo/holly-springs-ms-metro-area,0
8502,https://datausa.io/profile/geo/houston-ms-metro-area,0
8503,https://datausa.io/profile/geo/independence-ms-metro-area,0
8504,https://datausa.io/profile/geo/iuka-ms-metro-area,0
8506,https://datausa.io/profile/geo/kilmichael-ms-metro-area,0
8507,https://datausa.io/profile/geo/kosciusko-ms-metro-area,0
8508,https://datausa.io/profile/geo/lambert-ms-metro-area,0
8509,https://datausa.io/profile/geo/lauderdale-ms-metro-area,0
8510,https://datausa.io/profile/geo/laurel-ms-metro-area,0
8511,https://datausa.io/profile/geo/lexington-ms-metro-area,0
8512,https://datausa.io/profile/geo/liberty-ms-metro-area,0
8513,https://datausa.io/profile/geo/louisville-ms-metro-area,0
8514,https://datausa.io/profile/geo/macon-ms-metro-area,0
8515,https://datausa.io/profile/geo/mantachie-ms-metro-area,0
8516,https://datausa.io/profile/geo/mccomb-ms-metro-area,0
8517,https://datausa.io/profile/geo/meadville-ms-metro-area,0
8518,https://datausa.io/profile/geo/meridian-ms-metro-area,0
8519,https://datausa.io/profile/geo/minter-city-ms-metro-area,0
8520,https://datausa.io/profile/geo/monticello-ms-metro-area,0
8521,https://datausa.io/profile/geo/moorhead-ms-metro-area,0
8522,https://datausa.io/profile/geo/moss-point-ms-metro-area,0
8523,https://datausa.io/profile/geo/natchez-ms-metro-area,0
8524,https://datausa.io/profile/geo/newton-ms-metro-area,0
8525,https://datausa.io/profile/geo/pascagoula-ms-metro-area,0
8526,https://datausa.io/profile/geo/pelahatchie-ms-metro-area,0
8527,https://datausa.io/profile/geo/philadelphia-ms-metro-area,0
8528,https://datausa.io/profile/geo/picayune-ms-metro-area,0
8529,https://datausa.io/profile/geo/pickens-ms-metro-area,0
8530,https://datausa.io/profile/geo/pontotoc-ms-metro-area,0
8531,https://datausa.io/profile/geo/poplarville-ms-metro-area,0
8532,https://datausa.io/profile/geo/port-gibson-ms-metro-area,0
8533,https://datausa.io/profile/geo/quitman-ms-metro-area,0
8534,https://datausa.io/profile/geo/raymond-ms-metro-area,0
8535,https://datausa.io/profile/geo/richton-ms-metro-area,0
8536,https://datausa.io/profile/geo/ripley-ms-metro-area,0
8537,https://datausa.io/profile/geo/rolling-fork-ms-metro-area,0
8538,https://datausa.io/profile/geo/rosedale-ms-metro-area,0
8539,https://datausa.io/profile/geo/saucier-ms-metro-area,0
8540,https://datausa.io/profile/geo/senatobia-ms-metro-area,0
8541,https://datausa.io/profile/geo/starkville-ms-metro-area,0
8542,https://datausa.io/profile/geo/stoneville-ms-metro-area,0
8543,https://datausa.io/profile/geo/tunica-ms-metro-area,0
8544,https://datausa.io/profile/geo/tupelo-ms-metro-area,0
8545,https://datausa.io/profile/geo/tylertown-ms-metro-area,0
8546,https://datausa.io/profile/geo/university-ms-metro-area,0
8547,https://datausa.io/profile/geo/verona-ms-metro-area,0
8548,https://datausa.io/profile/geo/vicksburg-ms-metro-area,0
8549,https://datausa.io/profile/geo/water-valley-ms-metro-area,0
8550,https://datausa.io/profile/geo/waveland-ms-metro-area,0
8551,https://datausa.io/profile/geo/waynesboro-ms-metro-area,0
8552,https://datausa.io/profile/geo/wiggins-ms-metro-area,0
8553,https://datausa.io/profile/geo/winona-ms-metro-area,0
8554,https://datausa.io/profile/geo/woodville-ms-metro-area,0
8555,https://datausa.io/profile/geo/yazoo-city-ms-metro-area,0
8556,https://datausa.io/profile/geo/advance-mo-metro-area,0
8557,https://datausa.io/profile/geo/albany-mo-metro-area,0
8558,https://datausa.io/profile/geo/alton-mo-metro-area,0
8559,https://datausa.io/profile/geo/amity-mo-metro-area,0
8560,https://datausa.io/profile/geo/anderson-mo-metro-area,0
8561,https://datausa.io/profile/geo/appleton-city-mo-metro-area,0
8562,https://datausa.io/profile/geo/arcadia-mo-metro-area,0
8563,https://datausa.io/profile/geo/asbury-mo-metro-area,0
8564,https://datausa.io/profile/geo/ash-grove-mo-metro-area,0
8565,https://datausa.io/profile/geo/ava-mo-metro-area,0
8566,https://datausa.io/profile/geo/bethany-mo-metro-area,0
8567,https://datausa.io/profile/geo/billings-mo-metro-area,0
8568,https://datausa.io/profile/geo/bolivar-mo-metro-area,0
8569,https://datausa.io/profile/geo/boonville-mo-metro-area,0
8570,https://datausa.io/profile/geo/bowling-green-mo-metro-area,0
8571,https://datausa.io/profile/geo/bridgeton-mo-metro-area,0
8572,https://datausa.io/profile/geo/brookfield-mo-metro-area,0
8573,https://datausa.io/profile/geo/brunswick-mo-metro-area,0
8574,https://datausa.io/profile/geo/buffalo-mo-metro-area,0
8575,https://datausa.io/profile/geo/bunker-mo-metro-area,0
8576,https://datausa.io/profile/geo/butler-mo-metro-area,0
8577,https://datausa.io/profile/geo/california-mo-metro-area,0
8578,https://datausa.io/profile/geo/canton-mo-metro-area,0
8579,https://datausa.io/profile/geo/cape-girardeau-mo-metro-area,0
8580,https://datausa.io/profile/geo/carrollton-mo-metro-area,0
8581,https://datausa.io/profile/geo/carthage-mo-metro-area,0
8582,https://datausa.io/profile/geo/caruthersville-mo-metro-area,0
8583,https://datausa.io/profile/geo/cassville-mo-metro-area,0
8584,https://datausa.io/profile/geo/charleston-mo-metro-area,0
8585,https://datausa.io/profile/geo/chesterfield-mo-metro-area,0
8586,https://datausa.io/profile/geo/chillicothe-mo-metro-area,0
8587,https://datausa.io/profile/geo/clarksville-mo-metro-area,0
8588,https://datausa.io/profile/geo/clinton-mo-metro-area,0
8589,https://datausa.io/profile/geo/cole-camp-mo-metro-area,0
8591,https://datausa.io/profile/geo/conception-mo-metro-area,0
8592,https://datausa.io/profile/geo/cook-station-mo-metro-area,0
8593,https://datausa.io/profile/geo/dexter-mo-metro-area,0
8594,https://datausa.io/profile/geo/diamond-mo-metro-area,0
8595,https://datausa.io/profile/geo/doniphan-mo-metro-area,0
8596,https://datausa.io/profile/geo/dora-mo-metro-area,0
8597,https://datausa.io/profile/geo/drury-mo-metro-area,0
8598,https://datausa.io/profile/geo/edgerton-mo-metro-area,0
8599,https://datausa.io/profile/geo/el-dorado-springs-mo-metro-area,0
8600,https://datausa.io/profile/geo/eldon-mo-metro-area,0
8601,https://datausa.io/profile/geo/elsberry-mo-metro-area,0
8602,https://datausa.io/profile/geo/eminence-mo-metro-area,0
8603,https://datausa.io/profile/geo/farmington-mo-metro-area,0
8604,https://datausa.io/profile/geo/festus-mo-metro-area,0
8605,https://datausa.io/profile/geo/forsyth-mo-metro-area,0
8606,https://datausa.io/profile/geo/fredericktown-mo-metro-area,0
8607,https://datausa.io/profile/geo/fulton-mo-metro-area,0
8608,https://datausa.io/profile/geo/galena-mo-metro-area,0
8609,https://datausa.io/profile/geo/gallatin-mo-metro-area,0
8610,https://datausa.io/profile/geo/grant-city-mo-metro-area,0
8611,https://datausa.io/profile/geo/gravois-mills-mo-metro-area,0
8612,https://datausa.io/profile/geo/green-city-mo-metro-area,0
8613,https://datausa.io/profile/geo/greenville-mo-metro-area,0
8614,https://datausa.io/profile/geo/grovespring-mo-metro-area,0
8615,https://datausa.io/profile/geo/hamilton-mo-metro-area,0
8616,https://datausa.io/profile/geo/hannibal-mo-metro-area,0
8617,https://datausa.io/profile/geo/hermitage-mo-metro-area,0
8618,https://datausa.io/profile/geo/higginsville-mo-metro-area,0
8619,https://datausa.io/profile/geo/houston-mo-metro-area,0
8620,https://datausa.io/profile/geo/independence-mo-metro-area,0
8621,https://datausa.io/profile/geo/ironton-mo-metro-area,0
8622,https://datausa.io/profile/geo/jackson-mo-metro-area,0
8625,https://datausa.io/profile/geo/kansas-city-mo-metro-area,0
8626,https://datausa.io/profile/geo/kearney-mo-metro-area,0
8627,https://datausa.io/profile/geo/kennett-mo-metro-area,0
8628,https://datausa.io/profile/geo/kingsville-mo-metro-area,0
8629,https://datausa.io/profile/geo/kirksville-mo-metro-area,0
8630,https://datausa.io/profile/geo/la-belle-mo-metro-area,0
8631,https://datausa.io/profile/geo/lake-ozark-mo-metro-area,0
8632,https://datausa.io/profile/geo/lake-saint-louis-mo-metro-area,0
8633,https://datausa.io/profile/geo/lamar-mo-metro-area,0
8634,https://datausa.io/profile/geo/lebanon-mo-metro-area,0
8635,https://datausa.io/profile/geo/lees-summit-mpo-mo-metro-area,0
8636,https://datausa.io/profile/geo/lexington-mo-metro-area,0
8637,https://datausa.io/profile/geo/licking-mo-metro-area,0
8638,https://datausa.io/profile/geo/linn-mo-metro-area,0
8639,https://datausa.io/profile/geo/linneus-mo-metro-area,0
8640,https://datausa.io/profile/geo/lockwood-mo-metro-area,0
8641,https://datausa.io/profile/geo/malden-mo-metro-area,0
8642,https://datausa.io/profile/geo/mansfield-mo-metro-area,0
8643,https://datausa.io/profile/geo/marble-hill-mo-metro-area,0
8644,https://datausa.io/profile/geo/marshall-mo-metro-area,0
8645,https://datausa.io/profile/geo/marshfield-mo-metro-area,0
8646,https://datausa.io/profile/geo/maryville-mo-metro-area,0
8647,https://datausa.io/profile/geo/maysville-mo-metro-area,0
8650,https://datausa.io/profile/geo/moberly-mo-metro-area,0
9155,https://datausa.io/profile/geo/tekamah-ne-metro-area,0
9156,https://datausa.io/profile/geo/tekamah-nb-metro-area,0
9157,https://datausa.io/profile/geo/trenton-ne-metro-area,0
9158,https://datausa.io/profile/geo/trenton-nb-metro-area,0
9159,https://datausa.io/profile/geo/tryon-ne-metro-area,0
9160,https://datausa.io/profile/geo/tryon-nb-metro-area,0
9161,https://datausa.io/profile/geo/valentine-ne-metro-area,0
9162,https://datausa.io/profile/geo/valentine-nb-metro-area,0
9163,https://datausa.io/profile/geo/valley-ne-metro-area,0
9164,https://datausa.io/profile/geo/valley-nb-metro-area,0
9165,https://datausa.io/profile/geo/virginia-ne-metro-area,0
9166,https://datausa.io/profile/geo/virginia-nb-metro-area,0
9167,https://datausa.io/profile/geo/wahoo-ne-metro-area,0
9168,https://datausa.io/profile/geo/wahoo-nb-metro-area,0
9169,https://datausa.io/profile/geo/wakefield-ne-metro-area,0
9170,https://datausa.io/profile/geo/wakefield-nb-metro-area,0
9171,https://datausa.io/profile/geo/wallace-ne-metro-area,0
9172,https://datausa.io/profile/geo/wallace-nb-metro-area,0
9173,https://datausa.io/profile/geo/walthill-ne-metro-area,0
9174,https://datausa.io/profile/geo/walthill-nb-metro-area,0
9175,https://datausa.io/profile/geo/wauneta-ne-metro-area,0
9176,https://datausa.io/profile/geo/wauneta-nb-metro-area,0
9177,https://datausa.io/profile/geo/wayne-ne-metro-area,0
9178,https://datausa.io/profile/geo/wayne-nb-metro-area,0
9179,https://datausa.io/profile/geo/weeping-water-ne-metro-area,0
9180,https://datausa.io/profile/geo/weeping-water-nb-metro-area,0
9181,https://datausa.io/profile/geo/west-point-ne-metro-area,0
9182,https://datausa.io/profile/geo/west-point-nb-metro-area,0
9183,https://datausa.io/profile/geo/whitman-ne-metro-area,0
9184,https://datausa.io/profile/geo/whitman-nb-metro-area,0
9185,https://datausa.io/profile/geo/york-ne-metro-area,0
9186,https://datausa.io/profile/geo/york-nb-metro-area,0
9187,https://datausa.io/profile/geo/alamo-nv-metro-area,0
9188,https://datausa.io/profile/geo/amargosa-valley-nv-metro-area,0
9189,https://datausa.io/profile/geo/austin-nv-metro-area,0
9190,https://datausa.io/profile/geo/battle-mountain-nv-metro-area,0
9191,https://datausa.io/profile/geo/beatty-nv-metro-area,0
9192,https://datausa.io/profile/geo/boulder-city-nv-metro-area,0
9193,https://datausa.io/profile/geo/bunkerville-nv-metro-area,0
9194,https://datausa.io/profile/geo/caliente-nv-metro-area,0
9195,https://datausa.io/profile/geo/carlin-nv-metro-area,0
9197,https://datausa.io/profile/geo/crescent-valley-nv-metro-area,0
9198,https://datausa.io/profile/geo/deeth-nv-metro-area,0
9199,https://datausa.io/profile/geo/denio-nv-metro-area,0
9200,https://datausa.io/profile/geo/duckwater-nv-metro-area,0
9201,https://datausa.io/profile/geo/dyer-nv-metro-area,0
9202,https://datausa.io/profile/geo/elko-nv-metro-area,0
9203,https://datausa.io/profile/geo/ely-nv-metro-area,0
9204,https://datausa.io/profile/geo/eureka-nv-metro-area,0
9205,https://datausa.io/profile/geo/fallon-nv-metro-area,0
9206,https://datausa.io/profile/geo/gerlach-nv-metro-area,0
9207,https://datausa.io/profile/geo/glenbrook-nv-metro-area,0
9208,https://datausa.io/profile/geo/golconda-nv-metro-area,0
9209,https://datausa.io/profile/geo/goldfield-nv-metro-area,0
9210,https://datausa.io/profile/geo/great-basin-natl-park-nv-metro-area,0
9211,https://datausa.io/profile/geo/hawthorne-nv-metro-area,0
9212,https://datausa.io/profile/geo/henderson-nv-metro-area,0
9213,https://datausa.io/profile/geo/hiko-nv-metro-area,0
9214,https://datausa.io/profile/geo/imlay-nv-metro-area,0
9215,https://datausa.io/profile/geo/jackpot-nv-metro-area,0
9216,https://datausa.io/profile/geo/lamoille-nv-metro-area,0
9217,https://datausa.io/profile/geo/las-vegas-nv-metro-area,0
9218,https://datausa.io/profile/geo/laughlin-nv-metro-area,0
9219,https://datausa.io/profile/geo/lovelock-nv-metro-area,0
9220,https://datausa.io/profile/geo/lund-nv-metro-area,0
9221,https://datausa.io/profile/geo/mcdermitt-nv-metro-area,0
9222,https://datausa.io/profile/geo/mcgill-nv-metro-area,0
9223,https://datausa.io/profile/geo/mesquite-nv-metro-area,0
9224,https://datausa.io/profile/geo/mina-nv-metro-area,0
9225,https://datausa.io/profile/geo/minden-nv-metro-area,0
9226,https://datausa.io/profile/geo/montello-nv-metro-area,0
9227,https://datausa.io/profile/geo/mountain-city-nv-metro-area,0
9228,https://datausa.io/profile/geo/north-las-vegas-nv-metro-area,0
9229,https://datausa.io/profile/geo/orovada-nv-metro-area,0
9230,https://datausa.io/profile/geo/pahrump-nv-metro-area,0
9231,https://datausa.io/profile/geo/paradise-valley-nv-metro-area,0
9232,https://datausa.io/profile/geo/pioche-nv-metro-area,0
9233,https://datausa.io/profile/geo/reno-nv-metro-area,0
9234,https://datausa.io/profile/geo/round-mountain-nv-metro-area,0
9235,https://datausa.io/profile/geo/ruth-nv-metro-area,0
9236,https://datausa.io/profile/geo/searchlight-nv-metro-area,0
9237,https://datausa.io/profile/geo/silverpeak-nv-metro-area,0
9238,https://datausa.io/profile/geo/smith-nv-metro-area,0
9239,https://datausa.io/profile/geo/sparks-nv-metro-area,0
9240,https://datausa.io/profile/geo/spring-creek-nv-metro-area,0
9241,https://datausa.io/profile/geo/tonopah-nv-metro-area,0
9242,https://datausa.io/profile/geo/tuscarora-nv-metro-area,0
9243,https://datausa.io/profile/geo/virginia-city-nv-metro-area,0
9244,https://datausa.io/profile/geo/wadsworth-nv-metro-area,0
9245,https://datausa.io/profile/geo/wells-nv-metro-area,0
9246,https://datausa.io/profile/geo/winnemucca-nv-metro-area,0
9247,https://datausa.io/profile/geo/yerington-nv-metro-area,0
9248,https://datausa.io/profile/geo/berlin-nh-metro-area,0
9249,https://datausa.io/profile/geo/bethlehem-nh-metro-area,0
9250,https://datausa.io/profile/geo/canterbury-nh-metro-area,0
9251,https://datausa.io/profile/geo/colebrook-nh-metro-area,0
9252,https://datausa.io/profile/geo/concord-nh-metro-area,0
9253,https://datausa.io/profile/geo/durham-nh-metro-area,0
9254,https://datausa.io/profile/geo/epping-nh-metro-area,0
9255,https://datausa.io/profile/geo/franklin-nh-metro-area,0
9256,https://datausa.io/profile/geo/grafton-nh-metro-area,0
9257,https://datausa.io/profile/geo/greenland-nh-metro-area,0
9258,https://datausa.io/profile/geo/greenville-nh-metro-area,0
9259,https://datausa.io/profile/geo/hanover-nh-metro-area,0
9260,https://datausa.io/profile/geo/haverhill-nh-metro-area,0
9261,https://datausa.io/profile/geo/holderness-nh-metro-area,0
9262,https://datausa.io/profile/geo/hudson-nh-metro-area,0
9263,https://datausa.io/profile/geo/jaffrey-nh-metro-area,0
9264,https://datausa.io/profile/geo/keene-nh-metro-area,0
9265,https://datausa.io/profile/geo/laconia-nh-metro-area,0
9266,https://datausa.io/profile/geo/lancaster-nh-metro-area,0
9267,https://datausa.io/profile/geo/lebanon-nh-metro-area,0
9268,https://datausa.io/profile/geo/madbury-nh-metro-area,0
9269,https://datausa.io/profile/geo/manchester-nh-metro-area,0
9270,https://datausa.io/profile/geo/milan-nh-metro-area,0
9271,https://datausa.io/profile/geo/milford-nh-metro-area,0
9272,https://datausa.io/profile/geo/monroe-nh-metro-area,0
9273,https://datausa.io/profile/geo/mount-washington-nh-metro-area,0
9274,https://datausa.io/profile/geo/nashua-nh-metro-area,0
9275,https://datausa.io/profile/geo/new-durham-nh-metro-area,0
9276,https://datausa.io/profile/geo/newbury-nh-metro-area,0
9277,https://datausa.io/profile/geo/newport-nh-metro-area,0
9278,https://datausa.io/profile/geo/north-conway-nh-metro-area,0
9279,https://datausa.io/profile/geo/north-stratford-nh-metro-area,0
9280,https://datausa.io/profile/geo/peterborough-nh-metro-area,0
9281,https://datausa.io/profile/geo/pittsburg-nh-metro-area,0
9282,https://datausa.io/profile/geo/plymouth-nh-metro-area,0
9283,https://datausa.io/profile/geo/rochester-nh-metro-area,0
9284,https://datausa.io/profile/geo/sandown-nh-metro-area,0
9285,https://datausa.io/profile/geo/tamworth-nh-metro-area,0
9286,https://datausa.io/profile/geo/walpole-nh-metro-area,0
9287,https://datausa.io/profile/geo/weare-nh-metro-area,0
9288,https://datausa.io/profile/geo/whitefield-nh-metro-area,0
9289,https://datausa.io/profile/geo/atlantic-city-nj-metro-area,0
9290,https://datausa.io/profile/geo/atlantic-city-international-airport-nj-metro-area,0
9291,https://datausa.io/profile/geo/audubon-nj-metro-area,0
9292,https://datausa.io/profile/geo/beach-haven-nj-metro-area,0
9293,https://datausa.io/profile/geo/belvidere-nj-metro-area,0
9820,https://datausa.io/profile/geo/hillsboro-nd-metro-area,0
9821,https://datausa.io/profile/geo/hope-nd-metro-area,0
9822,https://datausa.io/profile/geo/hurdsfield-nd-metro-area,0
9823,https://datausa.io/profile/geo/jamestown-nd-metro-area,0
9824,https://datausa.io/profile/geo/keene-nd-metro-area,0
9825,https://datausa.io/profile/geo/kenmare-nd-metro-area,0
9826,https://datausa.io/profile/geo/killdeer-nd-metro-area,0
9827,https://datausa.io/profile/geo/langdon-nd-metro-area,0
9828,https://datausa.io/profile/geo/larimore-nd-metro-area,0
9829,https://datausa.io/profile/geo/leeds-nd-metro-area,0
9830,https://datausa.io/profile/geo/lidgerwood-nd-metro-area,0
9831,https://datausa.io/profile/geo/linton-nd-metro-area,0
9832,https://datausa.io/profile/geo/lisbon-nd-metro-area,0
9833,https://datausa.io/profile/geo/mandan-nd-metro-area,0
9834,https://datausa.io/profile/geo/manning-nd-metro-area,0
9835,https://datausa.io/profile/geo/max-nd-metro-area,0
9836,https://datausa.io/profile/geo/mayville-nd-metro-area,0
9837,https://datausa.io/profile/geo/medina-nd-metro-area,0
9838,https://datausa.io/profile/geo/medora-nd-metro-area,0
9839,https://datausa.io/profile/geo/minot-nd-metro-area,0
9840,https://datausa.io/profile/geo/minot-afb-nd-metro-area,0
9841,https://datausa.io/profile/geo/moffit-nd-metro-area,0
9842,https://datausa.io/profile/geo/mohall-nd-metro-area,0
9843,https://datausa.io/profile/geo/mott-nd-metro-area,0
9844,https://datausa.io/profile/geo/napoleon-nd-metro-area,0
9845,https://datausa.io/profile/geo/new-england-nd-metro-area,0
9846,https://datausa.io/profile/geo/new-salem-nd-metro-area,0
9847,https://datausa.io/profile/geo/oakes-nd-metro-area,0
9848,https://datausa.io/profile/geo/park-river-nd-metro-area,0
9849,https://datausa.io/profile/geo/pembina-nd-metro-area,0
9850,https://datausa.io/profile/geo/petersburg-nd-metro-area,0
9851,https://datausa.io/profile/geo/pettibone-nd-metro-area,0
9852,https://datausa.io/profile/geo/pingree-nd-metro-area,0
9853,https://datausa.io/profile/geo/powers-lake-nd-metro-area,0
9854,https://datausa.io/profile/geo/richardton-nd-metro-area,0
9855,https://datausa.io/profile/geo/riverdale-nd-metro-area,0
9856,https://datausa.io/profile/geo/rolette-nd-metro-area,0
9857,https://datausa.io/profile/geo/rolla-nd-metro-area,0
9858,https://datausa.io/profile/geo/rugby-nd-metro-area,0
9859,https://datausa.io/profile/geo/sharon-nd-metro-area,0
9860,https://datausa.io/profile/geo/solen-nd-metro-area,0
9861,https://datausa.io/profile/geo/stanley-nd-metro-area,0
9862,https://datausa.io/profile/geo/steele-nd-metro-area,0
9863,https://datausa.io/profile/geo/streeter-nd-metro-area,0
9864,https://datausa.io/profile/geo/taylor-nd-metro-area,0
9865,https://datausa.io/profile/geo/tioga-nd-metro-area,0
9866,https://datausa.io/profile/geo/towner-nd-metro-area,0
9867,https://datausa.io/profile/geo/turtle-lake-nd-metro-area,0
9868,https://datausa.io/profile/geo/tuttle-nd-metro-area,0
9869,https://datausa.io/profile/geo/underwood-nd-metro-area,0
9870,https://datausa.io/profile/geo/upham-nd-metro-area,0
9871,https://datausa.io/profile/geo/valley-city-nd-metro-area,0
9872,https://datausa.io/profile/geo/velva-nd-metro-area,0
9873,https://datausa.io/profile/geo/wahpeton-nd-metro-area,0
9874,https://datausa.io/profile/geo/washburn-nd-metro-area,0
9875,https://datausa.io/profile/geo/watford-city-nd-metro-area,0
9876,https://datausa.io/profile/geo/westhope-nd-metro-area,0
9877,https://datausa.io/profile/geo/wildrose-nd-metro-area,0
9878,https://datausa.io/profile/geo/williston-nd-metro-area,0
9879,https://datausa.io/profile/geo/willow-city-nd-metro-area,0
9880,https://datausa.io/profile/geo/wilton-nd-metro-area,0
9881,https://datausa.io/profile/geo/wishek-nd-metro-area,0
9883,https://datausa.io/profile/geo/ashland-oh-metro-area,0
9884,https://datausa.io/profile/geo/ashtabula-oh-metro-area,0
9885,https://datausa.io/profile/geo/athens-oh-metro-area,0
9886,https://datausa.io/profile/geo/barnesville-oh-metro-area,0
9887,https://datausa.io/profile/geo/bellefontaine-oh-metro-area,0
9888,https://datausa.io/profile/geo/beverly-oh-metro-area,0
9889,https://datausa.io/profile/geo/bowling-green-oh-metro-area,0
9890,https://datausa.io/profile/geo/bryan-oh-metro-area,0
9891,https://datausa.io/profile/geo/bucyrus-oh-metro-area,0
9892,https://datausa.io/profile/geo/cadiz-oh-metro-area,0
9893,https://datausa.io/profile/geo/caldwell-oh-metro-area,0
9894,https://datausa.io/profile/geo/cambridge-oh-metro-area,0
9895,https://datausa.io/profile/geo/canfield-oh-metro-area,0
9896,https://datausa.io/profile/geo/celina-oh-metro-area,0
9897,https://datausa.io/profile/geo/centerburg-oh-metro-area,0
9898,https://datausa.io/profile/geo/chardon-oh-metro-area,0
9899,https://datausa.io/profile/geo/chillicothe-oh-metro-area,0
9900,https://datausa.io/profile/geo/chilo-oh-metro-area,0
9901,https://datausa.io/profile/geo/cincinnati-oh-metro-area,0
9902,https://datausa.io/profile/geo/circleville-oh-metro-area,0
9903,https://datausa.io/profile/geo/cleveland-oh-metro-area,0
9904,https://datausa.io/profile/geo/cleves-oh-metro-area,0
9906,https://datausa.io/profile/geo/columbus-rickenbacker-angb-oh-metro-area,0
9907,https://datausa.io/profile/geo/coshocton-oh-metro-area,0
9908,https://datausa.io/profile/geo/danville-oh-metro-area,0
9910,https://datausa.io/profile/geo/defiance-oh-metro-area,0
9911,https://datausa.io/profile/geo/delaware-oh-metro-area,0
9912,https://datausa.io/profile/geo/dennison-oh-metro-area,0
9913,https://datausa.io/profile/geo/dorset-oh-metro-area,0
9914,https://datausa.io/profile/geo/dublin-oh-metro-area,0
9915,https://datausa.io/profile/geo/eaton-oh-metro-area,0
9916,https://datausa.io/profile/geo/elyria-oh-metro-area,0
9917,https://datausa.io/profile/geo/fairfield-oh-metro-area,0
9918,https://datausa.io/profile/geo/findlay-oh-metro-area,0
9919,https://datausa.io/profile/geo/franklin-oh-metro-area,0
9920,https://datausa.io/profile/geo/fredericktown-oh-metro-area,0
9921,https://datausa.io/profile/geo/fremont-oh-metro-area,0
9922,https://datausa.io/profile/geo/fresno-oh-metro-area,0
9923,https://datausa.io/profile/geo/galion-oh-metro-area,0
9924,https://datausa.io/profile/geo/gallipolis-oh-metro-area,0
9925,https://datausa.io/profile/geo/greenville-oh-metro-area,0
9926,https://datausa.io/profile/geo/hannibal-oh-metro-area,0
9927,https://datausa.io/profile/geo/hicksville-oh-metro-area,0
10446,https://datausa.io/profile/geo/juncos-pr-metro-area,0
10447,https://datausa.io/profile/geo/lajas-pr-metro-area,0
10448,https://datausa.io/profile/geo/manati-pr-metro-area,0
10449,https://datausa.io/profile/geo/maricao-pr-metro-area,0
10450,https://datausa.io/profile/geo/mayaguez-pr-metro-area,0
10452,https://datausa.io/profile/geo/rincon-pr-metro-area,0
10453,https://datausa.io/profile/geo/roosevelt-roads-pr-metro-area,0
10454,https://datausa.io/profile/geo/san-juan-pr-metro-area,0
10455,https://datausa.io/profile/geo/san-sebastian-pr-metro-area,0
10456,https://datausa.io/profile/geo/trujillo-alto-pr-metro-area,0
10457,https://datausa.io/profile/geo/utuado-pr-metro-area,0
10458,https://datausa.io/profile/geo/block-island-ri-metro-area,0
10459,https://datausa.io/profile/geo/foster-ri-metro-area,0
10460,https://datausa.io/profile/geo/jamestown-ri-metro-area,0
10461,https://datausa.io/profile/geo/kingston-ri-metro-area,0
10462,https://datausa.io/profile/geo/newport-ri-metro-area,0
10463,https://datausa.io/profile/geo/providence-ri-metro-area,0
10464,https://datausa.io/profile/geo/providence-ri-metro-area,0
10465,https://datausa.io/profile/geo/tiverton-ri-metro-area,0
10466,https://datausa.io/profile/geo/westerly-ri-metro-area,0
10467,https://datausa.io/profile/geo/woonsocket-ri-metro-area,0
10468,https://datausa.io/profile/geo/aiken-sc-metro-area,0
10469,https://datausa.io/profile/geo/allendale-sc-metro-area,0
10470,https://datausa.io/profile/geo/anderson-sc-metro-area,0
10471,https://datausa.io/profile/geo/andrews-sc-metro-area,0
10472,https://datausa.io/profile/geo/bamberg-sc-metro-area,0
10473,https://datausa.io/profile/geo/beaufort-sc-metro-area,0
10474,https://datausa.io/profile/geo/bishopville-sc-metro-area,0
10475,https://datausa.io/profile/geo/blacksburg-sc-metro-area,0
10476,https://datausa.io/profile/geo/blackville-sc-metro-area,0
10477,https://datausa.io/profile/geo/calhoun-falls-sc-metro-area,0
10478,https://datausa.io/profile/geo/camden-sc-metro-area,0
10479,https://datausa.io/profile/geo/charleston-afb-sc-metro-area,0
10480,https://datausa.io/profile/geo/cheraw-sc-metro-area,0
10481,https://datausa.io/profile/geo/chester-sc-metro-area,0
10482,https://datausa.io/profile/geo/chesterfield-sc-metro-area,0
10483,https://datausa.io/profile/geo/clemson-sc-metro-area,0
10484,https://datausa.io/profile/geo/cleveland-sc-metro-area,0
10485,https://datausa.io/profile/geo/columbia-owens-field-sc-metro-area,0
10486,https://datausa.io/profile/geo/conway-sc-metro-area,0
10487,https://datausa.io/profile/geo/darlington-sc-metro-area,0
10488,https://datausa.io/profile/geo/dillon-sc-metro-area,0
10489,https://datausa.io/profile/geo/edisto-island-sc-metro-area,0
10491,https://datausa.io/profile/geo/georgetown-sc-metro-area,0
10492,https://datausa.io/profile/geo/greenwood-sc-metro-area,0
10493,https://datausa.io/profile/geo/hampton-sc-metro-area,0
10494,https://datausa.io/profile/geo/hilton-head-island-sc-metro-area,0
10495,https://datausa.io/profile/geo/holly-hill-sc-metro-area,0
10496,https://datausa.io/profile/geo/johnston-sc-metro-area,0
10497,https://datausa.io/profile/geo/kershaw-sc-metro-area,0
10498,https://datausa.io/profile/geo/kingstree-sc-metro-area,0
10499,https://datausa.io/profile/geo/lake-city-sc-metro-area,0
10500,https://datausa.io/profile/geo/laurens-sc-metro-area,0
10501,https://datausa.io/profile/geo/little-mountain-sc-metro-area,0
10502,https://datausa.io/profile/geo/long-creek-sc-metro-area,0
10503,https://datausa.io/profile/geo/loris-sc-metro-area,0
10504,https://datausa.io/profile/geo/manning-sc-metro-area,0
10505,https://datausa.io/profile/geo/marion-sc-metro-area,0
10506,https://datausa.io/profile/geo/mcclellanville-sc-metro-area,0
10507,https://datausa.io/profile/geo/mccoll-sc-metro-area,0
10508,https://datausa.io/profile/geo/mountain-rest-sc-metro-area,0
10509,https://datausa.io/profile/geo/newberry-sc-metro-area,0
10510,https://datausa.io/profile/geo/orangeburg-sc-metro-area,0
10511,https://datausa.io/profile/geo/pageland-sc-metro-area,0
10512,https://datausa.io/profile/geo/pelion-sc-metro-area,0
10513,https://datausa.io/profile/geo/pickens-sc-metro-area,0
10514,https://datausa.io/profile/geo/pinopolis-sc-metro-area,0
10515,https://datausa.io/profile/geo/ridgeland-sc-metro-area,0
10516,https://datausa.io/profile/geo/salem-sc-metro-area,0
10517,https://datausa.io/profile/geo/saluda-sc-metro-area,0
10519,https://datausa.io/profile/geo/sullivans-island-sc-metro-area,0
10520,https://datausa.io/profile/geo/summerville-sc-metro-area,0
10522,https://datausa.io/profile/geo/union-sc-metro-area,0
10523,https://datausa.io/profile/geo/walhalla-sc-metro-area,0
10524,https://datausa.io/profile/geo/walterboro-sc-metro-area,0
10525,https://datausa.io/profile/geo/wedgefield-sc-metro-area,0
10526,https://datausa.io/profile/geo/winnsboro-sc-metro-area,0
10527,https://datausa.io/profile/geo/woodruff-sc-metro-area,0
10528,https://datausa.io/profile/geo/yemassee-sc-metro-area,0
10529,https://datausa.io/profile/geo/aberdeen-sd-metro-area,0
10530,https://datausa.io/profile/geo/alexandria-sd-metro-area,0
10531,https://datausa.io/profile/geo/andover-sd-metro-area,0
10532,https://datausa.io/profile/geo/arlington-sd-metro-area,0
10533,https://datausa.io/profile/geo/armour-sd-metro-area,0
10534,https://datausa.io/profile/geo/artesian-sd-metro-area,0
10535,https://datausa.io/profile/geo/astoria-sd-metro-area,0
10536,https://datausa.io/profile/geo/belle-fourche-sd-metro-area,0
10537,https://datausa.io/profile/geo/beresford-sd-metro-area,0
10538,https://datausa.io/profile/geo/bison-sd-metro-area,0
10539,https://datausa.io/profile/geo/bonesteel-sd-metro-area,0
10540,https://datausa.io/profile/geo/bridgewater-sd-metro-area,0
10541,https://datausa.io/profile/geo/britton-sd-metro-area,0
10542,https://datausa.io/profile/geo/brookings-sd-metro-area,0
10543,https://datausa.io/profile/geo/buffalo-sd-metro-area,0
10544,https://datausa.io/profile/geo/camp-crook-sd-metro-area,0
10545,https://datausa.io/profile/geo/canton-sd-metro-area,0
10546,https://datausa.io/profile/geo/castlewood-sd-metro-area,0
11078,https://datausa.io/profile/geo/red-rock-tx-metro-area,0
11079,https://datausa.io/profile/geo/refugio-tx-metro-area,0
11080,https://datausa.io/profile/geo/richardson-tx-metro-area,0
11081,https://datausa.io/profile/geo/richmond-tx-metro-area,0
11082,https://datausa.io/profile/geo/rio-grande-city-tx-metro-area,0
11083,https://datausa.io/profile/geo/rising-star-tx-metro-area,0
11084,https://datausa.io/profile/geo/robert-lee-tx-metro-area,0
11085,https://datausa.io/profile/geo/robstown-tx-metro-area,0
11086,https://datausa.io/profile/geo/rockport-tx-metro-area,0
11087,https://datausa.io/profile/geo/rocksprings-tx-metro-area,0
11088,https://datausa.io/profile/geo/roma-tx-metro-area,0
11089,https://datausa.io/profile/geo/roscoe-tx-metro-area,0
11090,https://datausa.io/profile/geo/rotan-tx-metro-area,0
11091,https://datausa.io/profile/geo/rusk-tx-metro-area,0
11093,https://datausa.io/profile/geo/san-antonio-tx-metro-area,0
11094,https://datausa.io/profile/geo/san-antonio-kelly-afb-tx-metro-area,0
11095,https://datausa.io/profile/geo/san-augustine-tx-metro-area,0
11096,https://datausa.io/profile/geo/san-marcos-tx-metro-area,0
11097,https://datausa.io/profile/geo/san-saba-tx-metro-area,0
11098,https://datausa.io/profile/geo/sanderson-tx-metro-area,0
11099,https://datausa.io/profile/geo/sanford-tx-metro-area,0
11100,https://datausa.io/profile/geo/santa-rosa-tx-metro-area,0
11101,https://datausa.io/profile/geo/sarita-tx-metro-area,0
11102,https://datausa.io/profile/geo/sealy-tx-metro-area,0
11103,https://datausa.io/profile/geo/seminole-tx-metro-area,0
11104,https://datausa.io/profile/geo/seymour-tx-metro-area,0
11105,https://datausa.io/profile/geo/shamrock-tx-metro-area,0
11106,https://datausa.io/profile/geo/sheffield-tx-metro-area,0
11107,https://datausa.io/profile/geo/sherman-tx-metro-area,0
11108,https://datausa.io/profile/geo/sierra-blanca-tx-metro-area,0
11109,https://datausa.io/profile/geo/silverton-tx-metro-area,0
11110,https://datausa.io/profile/geo/sinton-tx-metro-area,0
11111,https://datausa.io/profile/geo/smithville-tx-metro-area,0
11112,https://datausa.io/profile/geo/snyder-tx-metro-area,0
11113,https://datausa.io/profile/geo/somerville-tx-metro-area,0
11114,https://datausa.io/profile/geo/sonora-tx-metro-area,0
11115,https://datausa.io/profile/geo/spearman-tx-metro-area,0
11116,https://datausa.io/profile/geo/spur-tx-metro-area,0
11117,https://datausa.io/profile/geo/stamford-tx-metro-area,0
11118,https://datausa.io/profile/geo/stephenville-tx-metro-area,0
11119,https://datausa.io/profile/geo/sterling-city-tx-metro-area,0
11120,https://datausa.io/profile/geo/stratford-tx-metro-area,0
11121,https://datausa.io/profile/geo/sugar-land-tx-metro-area,0
11122,https://datausa.io/profile/geo/sulphur-springs-tx-metro-area,0
11123,https://datausa.io/profile/geo/tahoka-tx-metro-area,0
11124,https://datausa.io/profile/geo/taylor-tx-metro-area,0
11125,https://datausa.io/profile/geo/temple-tx-metro-area,0
11126,https://datausa.io/profile/geo/terlingua-tx-metro-area,0
11127,https://datausa.io/profile/geo/terrell-tx-metro-area,0
11128,https://datausa.io/profile/geo/texarkana-tx-metro-area,0
11129,https://datausa.io/profile/geo/thompsons-tx-metro-area,0
11130,https://datausa.io/profile/geo/three-rivers-tx-metro-area,0
11131,https://datausa.io/profile/geo/throckmorton-tx-metro-area,0
11132,https://datausa.io/profile/geo/tilden-tx-metro-area,0
11133,https://datausa.io/profile/geo/tornillo-tx-metro-area,0
11134,https://datausa.io/profile/geo/tulia-tx-metro-area,0
11135,https://datausa.io/profile/geo/turkey-tx-metro-area,0
11137,https://datausa.io/profile/geo/uvalde-tx-metro-area,0
11138,https://datausa.io/profile/geo/valentine-tx-metro-area,0
11139,https://datausa.io/profile/geo/van-horn-tx-metro-area,0
11140,https://datausa.io/profile/geo/vega-tx-metro-area,0
11141,https://datausa.io/profile/geo/vernon-tx-metro-area,0
11144,https://datausa.io/profile/geo/waco-mcgregor-municipal-arpt-tx-metro-area,0
11145,https://datausa.io/profile/geo/warren-tx-metro-area,0
11146,https://datausa.io/profile/geo/washington-tx-metro-area,0
11147,https://datausa.io/profile/geo/water-valley-tx-metro-area,0
11148,https://datausa.io/profile/geo/waxahachie-tx-metro-area,0
11149,https://datausa.io/profile/geo/weatherford-tx-metro-area,0
11150,https://datausa.io/profile/geo/wellington-tx-metro-area,0
11151,https://datausa.io/profile/geo/weslaco-tx-metro-area,0
11152,https://datausa.io/profile/geo/whitney-tx-metro-area,0
11153,https://datausa.io/profile/geo/wills-point-tx-metro-area,0
11154,https://datausa.io/profile/geo/wink-tx-metro-area,0
11155,https://datausa.io/profile/geo/winters-tx-metro-area,0
11156,https://datausa.io/profile/geo/woodville-tx-metro-area,0
11157,https://datausa.io/profile/geo/wylie-tx-metro-area,0
11158,https://datausa.io/profile/geo/yoakum-tx-metro-area,0
11159,https://datausa.io/profile/geo/zapata-tx-metro-area,0
11160,https://datausa.io/profile/geo/alpine-ut-metro-area,0
11161,https://datausa.io/profile/geo/altamont-ut-metro-area,0
11162,https://datausa.io/profile/geo/alton-ut-metro-area,0
11163,https://datausa.io/profile/geo/aneth-ut-metro-area,0
11164,https://datausa.io/profile/geo/antimony-ut-metro-area,0
11165,https://datausa.io/profile/geo/arches-natl-park-ut-metro-area,0
11166,https://datausa.io/profile/geo/beaver-ut-metro-area,0
11167,https://datausa.io/profile/geo/beryl-ut-metro-area,0
11168,https://datausa.io/profile/geo/blanding-ut-metro-area,0
11169,https://datausa.io/profile/geo/bluff-ut-metro-area,0
11170,https://datausa.io/profile/geo/boulder-ut-metro-area,0
11171,https://datausa.io/profile/geo/bountiful-ut-metro-area,0
11172,https://datausa.io/profile/geo/brian-head-ut-metro-area,0
11173,https://datausa.io/profile/geo/brigham-city-ut-metro-area,0
11174,https://datausa.io/profile/geo/capitol-reef-natl-park-ut-metro-area,0
11175,https://datausa.io/profile/geo/castle-dale-ut-metro-area,0
11176,https://datausa.io/profile/geo/cedar-city-ut-metro-area,0
11177,https://datausa.io/profile/geo/circleville-ut-metro-area,0
11178,https://datausa.io/profile/geo/cisco-ut-metro-area,0
11179,https://datausa.io/profile/geo/coalville-ut-metro-area,0
11180,https://datausa.io/profile/geo/corinne-ut-metro-area,0
11181,https://datausa.io/profile/geo/delta-ut-metro-area,0
11182,https://datausa.io/profile/geo/draper-ut-metro-area,0
11183,https://datausa.io/profile/geo/duchesne-ut-metro-area,0
11184,https://datausa.io/profile/geo/dugway-ut-metro-area,0
11185,https://datausa.io/profile/geo/echo-ut-metro-area,0
11186,https://datausa.io/profile/geo/eden-ut-metro-area,0
11187,https://datausa.io/profile/geo/elberta-ut-metro-area,0
11188,https://datausa.io/profile/geo/ephraim-ut-metro-area,0
11189,https://datausa.io/profile/geo/escalante-ut-metro-area,0
11190,https://datausa.io/profile/geo/fairview-ut-metro-area,0
11191,https://datausa.io/profile/geo/farmington-ut-metro-area,0
11192,https://datausa.io/profile/geo/ferron-ut-metro-area,0
11193,https://datausa.io/profile/geo/fillmore-ut-metro-area,0
11194,https://datausa.io/profile/geo/fort-duchesne-ut-metro-area,0
11195,https://datausa.io/profile/geo/garden-city-ut-metro-area,0
11196,https://datausa.io/profile/geo/garrison-ut-metro-area,0
11197,https://datausa.io/profile/geo/grantsville-ut-metro-area,0
11198,https://datausa.io/profile/geo/green-river-ut-metro-area,0
11199,https://datausa.io/profile/geo/grouse-creek-ut-metro-area,0
11200,https://datausa.io/profile/geo/gunnison-ut-metro-area,0
11201,https://datausa.io/profile/geo/hanksville-ut-metro-area,0
11202,https://datausa.io/profile/geo/hanna-ut-metro-area,0
11203,https://datausa.io/profile/geo/heber-city-ut-metro-area,0
11204,https://datausa.io/profile/geo/hiawatha-ut-metro-area,0
11205,https://datausa.io/profile/geo/huntsville-ut-metro-area,0
11206,https://datausa.io/profile/geo/hurricane-ut-metro-area,0
11207,https://datausa.io/profile/geo/ibapah-ut-metro-area,0
11208,https://datausa.io/profile/geo/ivins-ut-metro-area,0
11209,https://datausa.io/profile/geo/jensen-ut-metro-area,0
11210,https://datausa.io/profile/geo/kamas-ut-metro-area,0
11211,https://datausa.io/profile/geo/kanab-ut-metro-area,0
11212,https://datausa.io/profile/geo/kanosh-ut-metro-area,0
11213,https://datausa.io/profile/geo/kaysville-ut-metro-area,0
11214,https://datausa.io/profile/geo/koosharem-ut-metro-area,0
11215,https://datausa.io/profile/geo/la-sal-ut-metro-area,0
11216,https://datausa.io/profile/geo/la-verkin-ut-metro-area,0
11217,https://datausa.io/profile/geo/lake-powell-ut-metro-area,0
11218,https://datausa.io/profile/geo/laketown-ut-metro-area,0
11219,https://datausa.io/profile/geo/levan-ut-metro-area,0
11220,https://datausa.io/profile/geo/loa-ut-metro-area,0
11221,https://datausa.io/profile/geo/logan-ut-metro-area,0
11222,https://datausa.io/profile/geo/manila-ut-metro-area,0
11223,https://datausa.io/profile/geo/manti-ut-metro-area,0
11224,https://datausa.io/profile/geo/marysvale-ut-metro-area,0
11225,https://datausa.io/profile/geo/mexican-hat-ut-metro-area,0
11226,https://datausa.io/profile/geo/midway-ut-metro-area,0
11227,https://datausa.io/profile/geo/milford-ut-metro-area,0
11228,https://datausa.io/profile/geo/moab-ut-metro-area,0
11229,https://datausa.io/profile/geo/modena-ut-metro-area,0
11230,https://datausa.io/profile/geo/monticello-ut-metro-area,0
11231,https://datausa.io/profile/geo/monument-valley-ut-metro-area,0
11232,https://datausa.io/profile/geo/morgan-ut-metro-area,0
11233,https://datausa.io/profile/geo/moroni-ut-metro-area,0
11234,https://datausa.io/profile/geo/myton-ut-metro-area,0
11235,https://datausa.io/profile/geo/neola-ut-metro-area,0
11236,https://datausa.io/profile/geo/nephi-ut-metro-area,0
11747,https://datausa.io/profile/geo/lake-geneva-wi-metro-area,0
11748,https://datausa.io/profile/geo/lake-mills-wi-metro-area,0
11749,https://datausa.io/profile/geo/lake-nebagamon-wi-metro-area,0
11750,https://datausa.io/profile/geo/lake-tomahawk-wi-metro-area,0
11751,https://datausa.io/profile/geo/lakewood-wi-metro-area,0
11752,https://datausa.io/profile/geo/lancaster-wi-metro-area,0
11753,https://datausa.io/profile/geo/laona-wi-metro-area,0
11754,https://datausa.io/profile/geo/lodi-wi-metro-area,0
11755,https://datausa.io/profile/geo/lone-rock-wi-metro-area,0
11756,https://datausa.io/profile/geo/luck-wi-metro-area,0
11757,https://datausa.io/profile/geo/lynxville-wi-metro-area,0
11759,https://datausa.io/profile/geo/manitowish-waters-wi-metro-area,0
11760,https://datausa.io/profile/geo/manitowoc-wi-metro-area,0
11761,https://datausa.io/profile/geo/marinette-wi-metro-area,0
11762,https://datausa.io/profile/geo/markesan-wi-metro-area,0
11763,https://datausa.io/profile/geo/marshfield-wi-metro-area,0
11764,https://datausa.io/profile/geo/mather-wi-metro-area,0
11765,https://datausa.io/profile/geo/mauston-wi-metro-area,0
11766,https://datausa.io/profile/geo/mazomanie-wi-metro-area,0
11767,https://datausa.io/profile/geo/medford-wi-metro-area,0
11768,https://datausa.io/profile/geo/mellen-wi-metro-area,0
11769,https://datausa.io/profile/geo/menomonie-wi-metro-area,0
11770,https://datausa.io/profile/geo/merrill-wi-metro-area,0
11771,https://datausa.io/profile/geo/merrillan-wi-metro-area,0
11772,https://datausa.io/profile/geo/milwaukee-wi-metro-area,0
11773,https://datausa.io/profile/geo/milwaukee-wi-metro-area,0
11774,https://datausa.io/profile/geo/minocqua-wi-metro-area,0
11775,https://datausa.io/profile/geo/minong-wi-metro-area,0
11776,https://datausa.io/profile/geo/mondovi-wi-metro-area,0
11777,https://datausa.io/profile/geo/monroe-wi-metro-area,0
11778,https://datausa.io/profile/geo/montello-wi-metro-area,0
11779,https://datausa.io/profile/geo/necedah-wi-metro-area,0
11780,https://datausa.io/profile/geo/neillsville-wi-metro-area,0
11781,https://datausa.io/profile/geo/new-london-wi-metro-area,0
11782,https://datausa.io/profile/geo/oconomowoc-wi-metro-area,0
11783,https://datausa.io/profile/geo/oconto-wi-metro-area,0
11784,https://datausa.io/profile/geo/oshkosh-wi-metro-area,0
11785,https://datausa.io/profile/geo/owen-wi-metro-area,0
11786,https://datausa.io/profile/geo/park-falls-wi-metro-area,0
11787,https://datausa.io/profile/geo/pittsville-wi-metro-area,0
11788,https://datausa.io/profile/geo/platteville-wi-metro-area,0
11789,https://datausa.io/profile/geo/plymouth-wi-metro-area,0
11790,https://datausa.io/profile/geo/port-washington-wi-metro-area,0
11791,https://datausa.io/profile/geo/port-wing-wi-metro-area,0
11792,https://datausa.io/profile/geo/portage-wi-metro-area,0
11793,https://datausa.io/profile/geo/prairie-du-chien-wi-metro-area,0
11794,https://datausa.io/profile/geo/prairie-du-sac-wi-metro-area,0
11795,https://datausa.io/profile/geo/prentice-wi-metro-area,0
11797,https://datausa.io/profile/geo/reedsburg-wi-metro-area,0
11798,https://datausa.io/profile/geo/rhinelander-wi-metro-area,0
11799,https://datausa.io/profile/geo/rice-lake-wi-metro-area,0
11800,https://datausa.io/profile/geo/richland-center-wi-metro-area,0
11801,https://datausa.io/profile/geo/ridgeland-wi-metro-area,0
11802,https://datausa.io/profile/geo/ripon-wi-metro-area,0
11803,https://datausa.io/profile/geo/river-falls-wi-metro-area,0
11804,https://datausa.io/profile/geo/rock-springs-wi-metro-area,0
11805,https://datausa.io/profile/geo/rosholt-wi-metro-area,0
11806,https://datausa.io/profile/geo/saint-germain-wi-metro-area,0
11807,https://datausa.io/profile/geo/salem-wi-metro-area,0
11808,https://datausa.io/profile/geo/sauk-city-wi-metro-area,0
11809,https://datausa.io/profile/geo/saxon-wi-metro-area,0
11810,https://datausa.io/profile/geo/shawano-wi-metro-area,0
11812,https://datausa.io/profile/geo/sheldon-wi-metro-area,0
11813,https://datausa.io/profile/geo/sister-bay-wi-metro-area,0
11814,https://datausa.io/profile/geo/solon-springs-wi-metro-area,0
11815,https://datausa.io/profile/geo/south-milwaukee-wi-metro-area,0
11816,https://datausa.io/profile/geo/sparta-wi-metro-area,0
11817,https://datausa.io/profile/geo/spooner-wi-metro-area,0
11818,https://datausa.io/profile/geo/spring-green-wi-metro-area,0
11819,https://datausa.io/profile/geo/stanley-wi-metro-area,0
11820,https://datausa.io/profile/geo/stevens-point-wi-metro-area,0
11821,https://datausa.io/profile/geo/stone-lake-wi-metro-area,0
11822,https://datausa.io/profile/geo/stoughton-wi-metro-area,0
11823,https://datausa.io/profile/geo/sturgeon-bay-wi-metro-area,0
11824,https://datausa.io/profile/geo/superior-wi-metro-area,0
11825,https://datausa.io/profile/geo/suring-wi-metro-area,0
11826,https://datausa.io/profile/geo/tomahawk-wi-metro-area,0
11827,https://datausa.io/profile/geo/trempealeau-wi-metro-area,0
11828,https://datausa.io/profile/geo/two-rivers-wi-metro-area,0
11829,https://datausa.io/profile/geo/union-grove-wi-metro-area,0
11830,https://datausa.io/profile/geo/viroqua-wi-metro-area,0
11831,https://datausa.io/profile/geo/washington-island-wi-metro-area,0
11832,https://datausa.io/profile/geo/waterloo-wi-metro-area,0
11833,https://datausa.io/profile/geo/watertown-wi-metro-area,0
11834,https://datausa.io/profile/geo/waukesha-wi-metro-area,0
11835,https://datausa.io/profile/geo/waupaca-wi-metro-area,0
11837,https://datausa.io/profile/geo/west-allis-wi-metro-area,0
11838,https://datausa.io/profile/geo/west-bend-wi-metro-area,0
11839,https://datausa.io/profile/geo/weyerhaeuser-wi-metro-area,0
11840,https://datausa.io/profile/geo/whitewater-wi-metro-area,0
11841,https://datausa.io/profile/geo/winter-wi-metro-area,0
11842,https://datausa.io/profile/geo/wisconsin-dells-wi-metro-area,0
11843,https://datausa.io/profile/geo/wisconsin-rapids-wi-metro-area,0
11844,https://datausa.io/profile/geo/wittenberg-wi-metro-area,0
11845,https://datausa.io/profile/geo/afton-wy-metro-area,0
11846,https://datausa.io/profile/geo/albin-wy-metro-area,0
11847,https://datausa.io/profile/geo/alcova-wy-metro-area,0
11848,https://datausa.io/profile/geo/alta-wy-metro-area,0
11849,https://datausa.io/profile/geo/baggs-wy-metro-area,0
11850,https://datausa.io/profile/geo/basin-wy-metro-area,0
11851,https://datausa.io/profile/geo/bedford-wy-metro-area,0
11852,https://datausa.io/profile/geo/big-piney-wy-metro-area,0
11853,https://datausa.io/profile/geo/bondurant-wy-metro-area,0
11854,https://datausa.io/profile/geo/boulder-wy-metro-area,0
11855,https://datausa.io/profile/geo/buffalo-wy-metro-area,0
11856,https://datausa.io/profile/geo/carpenter-wy-metro-area,0
11858,https://datausa.io/profile/geo/centennial-wy-metro-area,0
11861,https://datausa.io/profile/geo/chugwater-wy-metro-area,0
11862,https://datausa.io/profile/geo/clearmont-wy-metro-area,0
11863,https://datausa.io/profile/geo/cody-wy-metro-area,0
11864,https://datausa.io/profile/geo/cokeville-wy-metro-area,0
11865,https://datausa.io/profile/geo/cora-wy-metro-area,0
11866,https://datausa.io/profile/geo/crowheart-wy-metro-area,0
11867,https://datausa.io/profile/geo/daniel-wy-metro-area,0
11868,https://datausa.io/profile/geo/deaver-wy-metro-area,0
11869,https://datausa.io/profile/geo/devils-tower-wy-metro-area,0
11870,https://datausa.io/profile/geo/douglas-wy-metro-area,0
11871,https://datausa.io/profile/geo/dubois-wy-metro-area,0
11872,https://datausa.io/profile/geo/elk-mountain-wy-metro-area,0
11873,https://datausa.io/profile/geo/emblem-wy-metro-area,0
11874,https://datausa.io/profile/geo/encampment-wy-metro-area,0
11875,https://datausa.io/profile/geo/evanston-wy-metro-area,0
11876,https://datausa.io/profile/geo/farson-wy-metro-area,0
11877,https://datausa.io/profile/geo/fort-laramie-wy-metro-area,0
11878,https://datausa.io/profile/geo/gillette-wy-metro-area,0
11879,https://datausa.io/profile/geo/glendo-wy-metro-area,0
11880,https://datausa.io/profile/geo/glenrock-wy-metro-area,0
11881,https://datausa.io/profile/geo/green-river-wy-metro-area,0
11882,https://datausa.io/profile/geo/greybull-wy-metro-area,0
11883,https://datausa.io/profile/geo/hulett-wy-metro-area,0
11884,https://datausa.io/profile/geo/jackson-wy-metro-area,0
11885,https://datausa.io/profile/geo/jeffrey-city-wy-metro-area,0
11886,https://datausa.io/profile/geo/kaycee-wy-metro-area,0
11887,https://datausa.io/profile/geo/kemmerer-wy-metro-area,0
11888,https://datausa.io/profile/geo/la-barge-wy-metro-area,0
11889,https://datausa.io/profile/geo/lance-creek-wy-metro-area,0
11890,https://datausa.io/profile/geo/lander-wy-metro-area,0
11891,https://datausa.io/profile/geo/laramie-wy-metro-area,0
11892,https://datausa.io/profile/geo/leiter-wy-metro-area,0
11893,https://datausa.io/profile/geo/lingle-wy-metro-area,0
11894,https://datausa.io/profile/geo/lovell-wy-metro-area,0
11895,https://datausa.io/profile/geo/lusk-wy-metro-area,0
11896,https://datausa.io/profile/geo/medicine-bow-wy-metro-area,0
11897,https://datausa.io/profile/geo/meeteetse-wy-metro-area,0
11898,https://datausa.io/profile/geo/midwest-wy-metro-area,0
11899,https://datausa.io/profile/geo/moorcroft-wy-metro-area,0
11900,https://datausa.io/profile/geo/moose-wy-metro-area,0
